ID	PharmacologicalAction	IupacName	CanonicalSmiles	TA_SearchURL		DILI Classifications	HumanCmax_ugml	CmaxInfoSource									
1,2,3,4,5,6-hexachlorocyclohexane	Liver toxin, non-drug					Positive											
3-Acetamidophenol (AMAP)	Analgesics	N-(3-hydroxyphenyl)acetamide	CC(=O)NC1=CC(=CC=C1)O	http://pubchem.ncbi.nlm.nih.gov/summary/summary.cgi?cid=12124		Negative											
Acetaminophen	Analgesics					Positive	21	14571283									
Acetazolamide	Anticonvulsants,Carbonic Anhydrase Inhibitors,Diuretics	N-(5-sulfamoyl-1,3,4-thiadiazol-2-yl)acetamide	CC(=O)NC1=NN=C(S1)S(=O)(=O)N	http://pubchem.ncbi.nlm.nih.gov/summary/summary.cgi?cid=1986		Positive	30	334132									
Acetohexamide	Hypoglycemic Agents	3-(4-acetylphenyl)sulfonyl-1-cyclohexyl-urea	CC(=O)C1=CC=C(C=C1)S(=O)(=O)NC(=O)NC2CCCCC2	http://pubchem.ncbi.nlm.nih.gov/summary/summary.cgi?cid=1989		Positive	75	7016385 - value via Prous - 1 g single dose									
Acetylcholine Chloride	Vasodilator Agents	2-acetyloxyethyl-trimethyl-azanium	CC(=O)OCC[N+](C)(C)C	http://pubchem.ncbi.nlm.nih.gov/summary/summary.cgi?cid=187		Negative											
Acitretin	Keratolytic Agents	(2E,4E,6E,8E)-9-(4-methoxy-2,3,6-trimethyl-phenyl)-3,7-dimethyl-nona-2,4,6,8-tetraenoic acid	CC1=CC(=C(C(=C1C=CC(=CC=CC(=CC(=O)O)C)C)C)C)OC	http://pubchem.ncbi.nlm.nih.gov/summary/summary.cgi?cid=5284513		Positive	0.418	2524207									
acivicin	Antimetabolites,Enzyme Inhibitors	(2S)-2-amino-2-[(5S)-3-chloro-4,5-dihydro-1,2-oxazol-5-yl]acetic acid	C1C(ON=C1Cl)C(C(=O)O)N	http://pubchem.ncbi.nlm.nih.gov/summary/summary.cgi?cid=294641		Negative	1	6871883, IV dose only									
Adenosine	Analgesics,Vasodilator Agents	(2R,3R,4S,5R)-2-(6-aminopurin-9-yl)-5-(hydroxymethyl)oxolane-3,4-diol	C1=NC2=C(C(=N1)N)N=CN2C3C(C(C(O3)CO)O)O	http://pubchem.ncbi.nlm.nih.gov/summary/summary.cgi?cid=60961		Negative											
Albendazole	Anthelmintics,Anticestodal Agents,Antiprotozoal Agents	methyl N-(6-propylsulfanyl-1H-benzoimidazol-2-yl)carbamate	CCCSC1=CC2=C(C=C1)N=C(N2)NC(=O)OC	http://pubchem.ncbi.nlm.nih.gov/summary/summary.cgi?cid=2082		Positive	0.24	12139218									
Allopurinol	Antimetabolites,Enzyme Inhibitors,Gout Suppressants,Free Radical Scavengers	3,5,7,8-tetrazabicyclo[4.3.0]nona-3,5,9-trien-2-one	C1=C2C(=NC=NC2=O)NN1	http://pubchem.ncbi.nlm.nih.gov/summary/summary.cgi?cid=2094		Positive	1.88	14982808									
Alloxan Hydrate	B cell toxin, non-drug					Negative											
Amantadine HCl	Antiparkinson Agents,Antiviral Agents,Dopamine Agents	adamantan-1-amine	C1C2CC3CC1CC(C2)(C3)N	http://pubchem.ncbi.nlm.nih.gov/summary/summary.cgi?cid=2130		Negative	0.65	PMID: 3834831 									
Amiloride HCl	Diuretics,Sodium Channel Blockers	3,5-diamino-6-chloro-N-(diaminomethylidene)pyrazine-2-carboxamide	C1(=C(N=C(C(=N1)Cl)N)N)C(=O)N=C(N)N	http://pubchem.ncbi.nlm.nih.gov/summary/summary.cgi?cid=16231		Negative	0.02	PMID: 9085317									
Aminobenzoate Potassium	Sunscreening Agents,Vitamin B Complex	4-aminobenzoic acid	C1=CC(=CC=C1C(=O)O)N	http://pubchem.ncbi.nlm.nih.gov/summary/summary.cgi?cid=978		Negative											
Aminoglutethimide	Adrenergic Agents,Aromatase Inhibitors	3-(4-aminophenyl)-3-ethyl-piperidine-2,6-dione	CCC1(CCC(=O)NC1=O)C2=CC=C(C=C2)N	http://pubchem.ncbi.nlm.nih.gov/summary/summary.cgi?cid=2145		Negative	5.9	 PMID:6101151 									
Aminosalicylic Acid	Antitubercular Agents	4-amino-2-hydroxy-benzoic acid	C1=CC(=C(C=C1N)O)C(=O)O	http://pubchem.ncbi.nlm.nih.gov/summary/summary.cgi?cid=4649		Positive	23.4	PMID:10051275									
amiodarone	Enzyme Inhibitors,Vasodilator Agents	(2-butylbenzofuran-3-yl)-[4-(2-diethylaminoethoxy)-3,5-diiodo-phenyl]methanone	CCCCC1=C(C2=CC=CC=C2O1)C(=O)C3=CC(=C(C(=C3)I)OCCN(CC)CC)I	http://pubchem.ncbi.nlm.nih.gov/summary/summary.cgi?cid=2157		Positive	0.55	PMID: 3967454									
Amitriptyline HCl	Adrenergic Uptake Inhibitors	Not Found	CN(C)CCC=C1C2=CC=CC=C2CCC3=CC=CC=C31	http://pubchem.ncbi.nlm.nih.gov/summary/summary.cgi?cid=2160		Negative	0.029	12934651; 10383563;									
ammonium chloride	Fertilizers	azanium nitrate	[NH4+].[N+](=O)([O-])[O-]	http://pubchem.ncbi.nlm.nih.gov/summary/summary.cgi?cid=22985		Negative											
amoxapine	Neurotransmitter Uptake Inhibitors,Serotonin Uptake Inhibitors,Dopamine Antagonists,Adrenergic Uptake Inhibitors	Not Found	C1CN(CCN1)C2=NC3=CC=CC=C3OC4=C2C=C(C=C4)Cl	http://pubchem.ncbi.nlm.nih.gov/summary/summary.cgi?cid=2170		Negative	0.0674	3997304 - 8 healthy volunteers receive single 100 mg oral dose									
Amrinone	Calcium Channel Blockers,Cardiotonic Agents,Phosphodiesterase Inhibitors,Vasodilator Agents	3-amino-5-pyridin-4-yl-1H-pyridin-2-one	C1=CN=CC=C1C2=CNC(=O)C(=C2)N	http://pubchem.ncbi.nlm.nih.gov/summary/summary.cgi?cid=3698		Positive	2.58	PMID: 6872413 									
Amsacrine HCl	Antineoplastic Agents	N-[4-(acridin-9-ylamino)-3-methoxy-phenyl]methanesulfonamide	COC1=C(C=CC(=C1)NS(=O)(=O)C)NC2=C3C=CC=CC3=NC4=CC=CC=C42	http://pubchem.ncbi.nlm.nih.gov/summary/summary.cgi?cid=2179		Positive	5.5	Amsidyl Package Insert, IV dose only									
Ascorbate	Antioxidants,Vitamins,Free Radical Scavengers	2-(1,2-dihydroxyethyl)-4,5-dihydroxy-furan-3-one	C(C(C1C(=O)C(=C(O1)O)O)O)O	http://pubchem.ncbi.nlm.nih.gov/summary/summary.cgi?cid=235		Negative	10	15203336									
Aspirin	Fibrinolytic Agents,Platelet Aggregation Inhibitors,Cyclooxygenase Inhibitors	2-acetyloxybenzoic acid	CC(=O)OC1=CC=CC=C1C(=O)O	http://pubchem.ncbi.nlm.nih.gov/summary/summary.cgi?cid=2244		Negative	0.995	PMID: 8750369 , low dose study									
Astemizole	Histamine H1 Antagonists	1-[(4-fluorophenyl)methyl]-N-[1-[2-(4-methoxyphenyl)ethyl]-4-piperidyl]benzoimidazol-2-amine	COC1=CC=C(C=C1)CCN2CCC(CC2)NC3=NC4=CC=CC=C4N3CC5=CC=C(C=C5)F	http://pubchem.ncbi.nlm.nih.gov/summary/summary.cgi?cid=2247		Negative	0.0005	Hismanol Package insert									
Atenolol	Antihypertensive Agents,Sympatholytics	2-[4-[2-hydroxy-3-(propan-2-ylamino)propoxy]phenyl]acetamide	CC(C)NCC(COC1=CC=C(C=C1)CC(=O)N)O	http://pubchem.ncbi.nlm.nih.gov/summary/summary.cgi?cid=2249		Negative	1.33	PMID:16431379									
atractyloside	Enzyme Inhibitors	Not Found	CC(C)CC(=O)OC1C(C(C(OC1OC2CC(C3CCC45CC(CCC4C3(C2)C)C(=C)C5O)C(=O)O)CO)OS(=O)(=O)[O-])OS(=O)(=O)[O-].[K+].[K+]	http://pubchem.ncbi.nlm.nih.gov/summary/summary.cgi?cid=5702200		Positive											
Azaserine	Immunosuppressive Agents	(Z)-1-[(2S)-2-amino-2-carboxy-ethoxy]-2-diazonio-ethenolate	C(C(C(=O)O)N)OC(=C[N+]#N)[O-]	http://pubchem.ncbi.nlm.nih.gov/summary/summary.cgi?cid=5284344		Positive											
Azathioprine	Antimetabolites,Immunosuppressive Agents,Antirheumatic Agents	6-(3-methyl-5-nitro-imidazol-4-yl)sulfanyl-7H-purine	CN1C=NC(=C1SC2=NC=NC3=C2NC=N3)[N+](=O)[O-]	http://pubchem.ncbi.nlm.nih.gov/summary/summary.cgi?cid=2265		Positive	1	PDR									
Azithromycin	Antibacterial					Negative	0.4	Therapeutic Drugs									
Aztreonam (Z-isomer)	Antibacterial					Negative	62	10586394, IV dose only									
Bacitracin	Antibacterial					Negative											
Bambuterol	Bronchodilator Agents	[3-(dimethylcarbamoyloxy)-5-[1-hydroxy-2-(tert-butylamino)ethyl]phenyl] N,N-dimethylcarbamate	CC(C)(C)NCC(C1=CC(=CC(=C1)OC(=O)N(C)C)OC(=O)N(C)C)O	http://pubchem.ncbi.nlm.nih.gov/summary/summary.cgi?cid=54766		Negative	0.006	10718774									
Beclomethasone Dipropionate	Glucocorticoids	(8S,9S,10S,11S,13S,14S,16S,17R)-9-chloro-11,17-dihydroxy-17-(2-hydroxyacetyl)-10,13,16-trimethyl-6,7,8,11,12,14,15,16-octahydrocyclopenta[a]phenanthren-3-one	CC1CC2C3CCC4=CC(=O)C=CC4(C3(C(CC2(C1(C(=O)CO)O)C)O)Cl)C	http://pubchem.ncbi.nlm.nih.gov/summary/summary.cgi?cid=20469		Negative	8.00E-05	PMID:  12107606; 12107606									
Benazepril	Antihypertensive Agents	2-[(4S)-4-[[(1S)-1-ethoxycarbonyl-3-phenyl-propyl]amino]-5-oxo-6-azabicyclo[5.4.0]undeca-7,9,11-trien-6-yl]acetic acid	CCOC(=O)C(CCC1=CC=CC=C1)NC2CCC3=CC=CC=C3N(C2=O)CC(=O)O	http://pubchem.ncbi.nlm.nih.gov/summary/summary.cgi?cid=5362124		Negative	0.149	7867683 - 12 healthy volunteers									
Benzbromarone	Uricosuric Agents	(3,5-dibromo-4-hydroxy-phenyl)-(2-ethylbenzofuran-3-yl)methanone	CCC1=C(C2=CC=CC=C2O1)C(=O)C3=CC(=C(C(=C3)Br)O)Br	http://pubchem.ncbi.nlm.nih.gov/summary/summary.cgi?cid=2333		Positive	1.84	7250176									
Bepridil HCl	Antihypertensive Agents,Calcium Channel Blockers,Vasodilator Agents	N-benzyl-N-[3-(2-methylpropoxy)-2-pyrrolidin-1-yl-propyl]aniline	CC(C)COCC(CN(CC1=CC=CC=C1)C2=CC=CC=C2)N3CCCC3	http://pubchem.ncbi.nlm.nih.gov/summary/summary.cgi?cid=2351		Positive	0.8	7650227									
Betahistine DiHCl	Vasodilator Agents,Histamine Agonists	N-methyl-2-pyridin-2-yl-ethanamine	CNCCC1=CC=CC=N1	http://pubchem.ncbi.nlm.nih.gov/summary/summary.cgi?cid=2366		Positive	0.0005	14765546 - 20 healthy Chinese males receive 24 mg oral dose									
Betamethasone	Glucocorticoids	(8S,9S,10S,11S,13S,14S,16S,17R)-9-fluoro-11,17-dihydroxy-17-(2-hydroxyacetyl)-10,13,16-trimethyl-6,7,8,11,12,14,15,16-octahydrocyclopenta[a]phenanthren-3-one	CC1CC2C3CCC4=CC(=O)C=CC4(C3(C(CC2(C1(C(=O)CO)O)C)O)F)C	http://pubchem.ncbi.nlm.nih.gov/summary/summary.cgi?cid=9782		Negative	0.003	Biopharm. Drug dispos. 5 (3): 291-295(1984)									
Bezafibrate	Antilipemic Agents	2-[4-[2-[(4-chlorobenzoyl)amino]ethyl]phenoxy]-2-methyl-propanoic acid	CC(C)(C(=O)O)OC1=CC=C(C=C1)CCNC(=O)C2=CC=C(C=C2)Cl	http://pubchem.ncbi.nlm.nih.gov/summary/summary.cgi?cid=39042		Negative	6	Bezalip Package Insert									
Bicalutamide	Androgen Antagonists,Antineoplastic Agents	(2S)-N-[4-cyano-3-(trifluoromethyl)phenyl]-3-(4-fluorophenyl)sulfonyl-2-hydroxy-2-methyl-propanamide	CC(CS(=O)(=O)C1=CC=C(C=C1)F)(C(=O)NC2=CC(=C(C=C2)C#N)C(F)(F)F)O	http://pubchem.ncbi.nlm.nih.gov/summary/summary.cgi?cid=56069		Positive	0.848	12959312 - value is for R (-) enantiomer which is >>> active than the S (+) form  - 10 healthy males									
Biotin	Vitamin B Complex	5-[(1S,2S,5S)-7-oxo-3-thia-6,8-diazabicyclo[3.3.0]oct-2-yl]pentanoic acid	C1C2C(C(S1)CCCCC(=O)O)NC(=O)N2	http://pubchem.ncbi.nlm.nih.gov/summary/summary.cgi?cid=171548		Negative	0.00031	1814646									
Brompheniramine Maleate	Histamine H1 Antagonists	3-(4-bromophenyl)-N,N-dimethyl-3-pyridin-2-yl-propan-1-amine	CN(C)CCC(C1=CC=C(C=C1)Br)C2=CC=CC=N2	http://pubchem.ncbi.nlm.nih.gov/summary/summary.cgi?cid=6834		Negative	0.0116	6128358									
Bumetanide	Diuretics,Sodium Potassium Chloride Symporter Inhibitors	3-butylamino-4-phenoxy-5-sulfamoyl-benzoic acid	CCCCNC1=C(C(=CC(=C1)C(=O)O)S(=O)(=O)N)OC2=CC=CC=C2	http://pubchem.ncbi.nlm.nih.gov/summary/summary.cgi?cid=2471		Positive	0.0309	6491914									
Bupivacaine	Local anaesthetic					Negative	0.067	12818954; IV; 0.4 value divided by 6 (6X scaling factor for first pass-metabolism)									
Bupropion HCl	Dopamine Uptake Inhibitors	1-(3-chlorophenyl)-2-(tert-butylamino)propan-1-one	CC(C(=O)C1=CC(=CC=C1)Cl)NC(C)(C)C	http://pubchem.ncbi.nlm.nih.gov/summary/summary.cgi?cid=444		Negative	0.14	PMID:  9378846									
buspirone	Serotonin Agonists	8-[4-(4-pyrimidin-2-ylpiperazin-1-yl)butyl]-8-azaspiro[4.5]decane-7,9-dione	C1CCC2(C1)CC(=O)N(C(=O)C2)CCCCN3CCN(CC3)C4=NC=CC=N4	http://pubchem.ncbi.nlm.nih.gov/summary/summary.cgi?cid=2477		Negative	0.00192	11452712									
Busulphan	Alkylating Agents,Immunosuppressive Agents,Myeloablative Agonists	1,4-bis(methylsulfonyloxy)butane	CS(=O)(=O)OCCCCOS(=O)(=O)C	http://pubchem.ncbi.nlm.nih.gov/summary/summary.cgi?cid=2478		Positive	0.0682	PDR Electronic Library									
cadmium chloride	Indicators and Reagents	acetic acid	CC(=O)O	http://pubchem.ncbi.nlm.nih.gov/summary/summary.cgi?cid=176		Positive											
Calcium Pantothenate	Anticoagulants,Chelating Agents,Food Additives	calcium disodium 2-[2-(bis(carboxylatomethyl)amino)ethyl-(carboxylatomethyl)amino]acetate	C(CN(CC(=O)[O-])CC(=O)[O-])N(CC(=O)[O-])CC(=O)[O-].[Na+].[Na+].[Ca+2]	http://pubchem.ncbi.nlm.nih.gov/summary/summary.cgi?cid=6109		Negative		no papers									
Captopril	Antihypertensive Agents	(2S)-1-[(2R)-2-methyl-3-sulfanyl-propanoyl]pyrrolidine-2-carboxylic acid	CC(CS)C(=O)N1CCCC1C(=O)O	http://pubchem.ncbi.nlm.nih.gov/summary/summary.cgi?cid=44093		Positive	0.93	PMID: 7040498 									
carbendazim	Antinematodal Agents,Mutagens	methyl N-(1H-benzoimidazol-2-yl)carbamate	COC(=O)NC1=NC2=CC=CC=C2N1	http://pubchem.ncbi.nlm.nih.gov/summary/summary.cgi?cid=25429		Positive											
Carbenoxolone Disodium	Anti-inflammation					Negative		no papers									
Carbidopa	Antiparkinson Agents,Enzyme Inhibitors,Dopamine Agents	(2S)-3-(3,4-dihydroxyphenyl)-2-hydrazinyl-2-methyl-propanoic acid	CC(CC1=CC(=C(C=C1)O)O)(C(=O)O)NN	http://pubchem.ncbi.nlm.nih.gov/summary/summary.cgi?cid=34359		Negative	0.15	PMID: 10829343 									
CE-1						Positive											
Cefoperazone Dihydrate	Antibacterial					Negative	0.233	Clin Ther 1980, 3: Special issue - via Prous									
Chenodiol	Cathartics,Gastrointestinal Agents	(4R)-4-[(3R,5S,7R,8S,9S,10S,13R,14S,17R)-3,7-dihydroxy-10,13-dimethyl-2,3,4,5,6,7,8,9,11,12,14,15,16,17-tetradecahydro-1H-cyclopenta[a]phenanthren-17-yl]pentanoic acid	CC(CCC(=O)O)C1CCC2C1(CCC3C2C(CC4C3(CCC(C4)O)C)O)C	http://pubchem.ncbi.nlm.nih.gov/summary/summary.cgi?cid=10133		Positive	3.14056	3701613									
Chloramphenicol Palmitate	Protein Synthesis Inhibitors	2,2-dichloro-N-[(1S,2R)-1,3-dihydroxy-1-(4-nitrophenyl)propan-2-yl]acetamide	C1=CC(=CC=C1C(C(CO)NC(=O)C(Cl)Cl)O)[N+](=O)[O-]	http://pubchem.ncbi.nlm.nih.gov/summary/summary.cgi?cid=5959		Positive	11.2	www.rxlist.com/cgi/generic3/chloramphenicol_cp.htm									
Chlorpheniramine Maleate	Antipruritics,Histamine H1 Antagonists	3-(4-chlorophenyl)-N,N-dimethyl-3-pyridin-2-yl-propan-1-amine	CN(C)CCC(C1=CC=C(C=C1)Cl)C2=CC=CC=N2	http://pubchem.ncbi.nlm.nih.gov/summary/summary.cgi?cid=2725		Positive	0.143	PMID: 11332874 									
chlorpromazine	Antiemetics,Antipsychotic Agents,Dopamine Antagonists	3-(2-chlorophenothiazin-10-yl)-N,N-dimethyl-propan-1-amine	CN(C)CCCN1C2=CC=CC=C2SC3=C1C=C(C=C3)Cl	http://pubchem.ncbi.nlm.nih.gov/summary/summary.cgi?cid=2726		Positive	0.3	American J of Psychiatry (1976) 133: 646-52									
Chlortetracycline HCl	Antiprotozoal Agents	(2Z,4S,4aS,5aS,6S,12aS)-2-(amino-hydroxy-methylidene)-7-chloro-4-dimethylamino-6,10,11,12a-tetrahydroxy-6-methyl-4,4a,5,5a-tetrahydrotetracene-1,3,12-trione	CC1(C2CC3C(C(=O)C(=C(N)O)C(=O)C3(C(=O)C2=C(C4=C(C=CC(=C41)Cl)O)O)O)N(C)C)O	http://pubchem.ncbi.nlm.nih.gov/summary/summary.cgi?cid=5280963		Positive	14	Therapeutic Drugs									
Chlorzoxazone	Muscle relaxant					Positive	0.457839	PMID: 10353310 									
Ciclopirox	Antifungal Agents	2-aminoethanol; 6-cyclohexyl-1-hydroxy-4-methyl-pyridin-2-one	CC1=CC(=O)N(C(=C1)C2CCCCC2)O.C(CO)N	http://pubchem.ncbi.nlm.nih.gov/summary/summary.cgi?cid=38911		Negative	0.1	www.skintherapyletter.ca/stl/2004/9.7/2.html, topical usage only									
Cimetidine	Enzyme Inhibitors,Histamine H2 Antagonists	3-cyano-2-methyl-1-[2-[(5-methyl-1H-imidazol-4-yl)methylsulfanyl]ethyl]guanidine	CC1=C(N=CN1)CSCCNC(=NC)NC#N	http://pubchem.ncbi.nlm.nih.gov/summary/summary.cgi?cid=2756		Negative	1.14	PMID: 7295472 									
Ciprofibrate	Antilipemic Agents,Peroxisome Proliferators	2-[4-(2,2-dichlorocyclopropyl)phenoxy]-2-methyl-propanoic acid	CC(C)(C(=O)O)OC1=CC=C(C=C1)C2CC2(Cl)Cl	http://pubchem.ncbi.nlm.nih.gov/summary/summary.cgi?cid=2763		Positive	111	PMID: 8831918 									
Ciprofloxacin HCl	Antibacterial					Positive	3.8	PMID: 3216035 									
Cis(Z)-Flupentixol DiHCl	Antipsychotic Agents,Dopamine Antagonists	2-[4-[(3Z)-3-[2-(trifluoromethyl)thioxanthen-9-ylidene]propyl]piperazin-1-yl]ethanol	C1CN(CCN1CCC=C2C3=CC=CC=C3SC4=C2C=C(C=C4)C(F)(F)F)CCO	http://pubchem.ncbi.nlm.nih.gov/summary/summary.cgi?cid=5281881		Negative	0.004	Clin Pharm 13: 65-90 (1987)									
Cisapride	Gastrointestinal Agents,Serotonin Agonists	4-amino-5-chloro-N-[1-[3-(4-fluorophenoxy)propyl]-3-methoxy-4-piperidyl]-2-methoxy-benzamide	COC1CN(CCC1NC(=O)C2=CC(=C(C=C2OC)N)Cl)CCCOC3=CC=C(C=C3)F	http://pubchem.ncbi.nlm.nih.gov/summary/summary.cgi?cid=2769		Negative	0.06	11452240, 10223776									
citalopram	Serotonin Uptake Inhibitors	1-(3-dimethylaminopropyl)-1-(4-fluorophenyl)-3H-isobenzofuran-5-carbonitrile	CN(C)CCCC1(C2=C(CO1)C=C(C=C2)C#N)C3=CC=C(C=C3)F	http://pubchem.ncbi.nlm.nih.gov/summary/summary.cgi?cid=2771		Negative	0.0486	16170406									
CJ-1						Positive											
CJ-2						Positive											
CJ-3						Positive											
CJ-A						Positive											
Cladribine	Antineoplastic Agents,Immunosuppressive Agents	(2R,3S,5R)-5-(6-amino-2-chloro-purin-9-yl)-2-(hydroxymethyl)oxolan-3-ol	C1C(C(OC1N2C=NC3=C2N=C(N=C3N)Cl)CO)O	http://pubchem.ncbi.nlm.nih.gov/summary/summary.cgi?cid=20279		Negative	0.006485163	Japanese Journal of Clinical Oncology Volume 27, Number 3 Pp. 146-153 - IV admin									
clinafloxacin	Antibacterial					Negative	2.39	10579144; 11502525									
Clomiphene Citrate	Estrogen Antagonists,Selective Estrogen Receptor Modulators	2-[4-[(Z)-2-chloro-1,2-diphenyl-ethenyl]phenoxy]-N,N-diethyl-ethanamine; 2-hydroxypropane-1,2,3-tricarboxylic acid	CCN(CC)CCOC1=CC=C(C=C1)C(=C(C2=CC=CC=C2)Cl)C3=CC=CC=C3.C(C(=O)O)C(CC(=O)O)(C(=O)O)O	http://pubchem.ncbi.nlm.nih.gov/summary/summary.cgi?cid=3033832		Positive	0.009	Serophene data sheet http://www.medsafe.govt.nz/profs/datasheet/s/Serophenetab.htm									
Clomipramine	Serotonin Uptake Inhibitors	Not Found	CN(C)CCCN1C2=CC=CC=C2CCC3=C1C=C(C=C3)Cl	http://pubchem.ncbi.nlm.nih.gov/summary/summary.cgi?cid=2801		Positive	0.06	11185671									
Clonidine HCl	Analgesics,Antihypertensive Agents,Sympatholytics	N-(2,6-dichlorophenyl)-4,5-dihydro-1H-imidazol-2-amine	C1CN=C(N1)NC2=C(C=CC=C2Cl)Cl	http://pubchem.ncbi.nlm.nih.gov/summary/summary.cgi?cid=2803		Positive	0.0007	The Journal of Clinical Pharmacology, 1992; 32:427-433									
Clotrimazole	Antifungal Agents,Growth Inhibitors	1-[(2-chlorophenyl)-diphenyl-methyl]imidazole	C1=CC=C(C=C1)C(C2=CC=CC=C2)(C3=CC=CC=C3Cl)N4C=CN=C4	http://pubchem.ncbi.nlm.nih.gov/summary/summary.cgi?cid=2812		Negative	0.03	PDR Electronic Library									
Clozapine	Serotonin Antagonists,Antipsychotic Agents,GABA Antagonists		CN1CCN(CC1)C2=C3C=CC=CC3=NC4=C(N2)C=C(C=C4)Cl	http://pubchem.ncbi.nlm.nih.gov/summary/summary.cgi?cid=2818		Positive	0.31	USPDI 2002									
Colchicine	Gout Suppressants	Not Found	CC(=O)NC1CCC2=CC(=C(C(=C2C3=CC=C(C(=O)C=C13)OC)OC)OC)OC	http://pubchem.ncbi.nlm.nih.gov/summary/summary.cgi?cid=6167		Negative	0.00564	8930773									
CP-1						Positive											
CP-10						Positive											
CP-11						Positive											
CP-12						Positive											
CP-13						Positive											
CP-14						Positive											
CP-15						Positive											
CP-16						Positive											
CP-17						Positive											
CP-18						Positive											
CP-19						Positive											
CP-2						Positive											
CP-20						Positive											
CP-21						Positive											
CP-22						Positive											
CP-3						Positive											
CP-4						Positive											
CP-5						Positive											
CP-6						Positive											
CP-7						Positive											
CP-8						Positive											
CP-9						Positive											
CP-A						Positive											
CP-B						Positive											
CP-C						Positive											
CP-D						Positive											
CP-E						Positive											
CP-F						Positive											
CP-G						Positive											
Cromolyn	Allergy relief					Negative		nothing found									
Cyanocobalamin	Vitamin B Complex	Not Found	CC1=CC2=C(C=C1C)N(C=N2)C3C(C(C(O3)CO)OP(=O)([O-])OC(C)CNC(=O)CCC4(C(C5C6(C(C(C(=N6)C(=C7C(C(C(=N7)C=C8C(C(C(=N8)C(=C4[N-]5)C)CCC(=O)N)(C)C)CCC(=O)N)(C)CC(=O)N)C)CCC(=O)N)(C)CC(=O)N)C)CC(=O)N)C)O.[C-]#N.[Co+3]	http://pubchem.ncbi.nlm.nih.gov/summary/summary.cgi?cid=5460135		Negative	0.00075796	http://www.nascobal.com/prescr_info.html - nasal spray									
Cyclophosphamide	Immunosuppressive Agents,Mutagens,Antirheumatic Agents,Myeloablative Agonists	Not Found	C1CNP(=O)(OC1)N(CCCl)CCCl	http://pubchem.ncbi.nlm.nih.gov/summary/summary.cgi?cid=2907		Positive	69	10972481, IV dose									
cyclosporin A	Antifungal Agents,Dermatologic Agents,Enzyme Inhibitors,Immunosuppressive Agents,Antirheumatic Agents	(3S,6S,9S,12R,15S,18S,21S,24S,30S,33S)-30-ethyl-33-[(E,1R,2R)-1-hydroxy-2-methyl-hex-4-enyl]-1,4,7,10,12,15,19,25,28-nonamethyl-6,9,18,24-tetrakis(2-methylpropyl)-3,21-dipropan-2-yl-1,4,7,10,13,16,19,22,25,28,31-undecazacyclotritriacontane-2,5,8,11,14,17,20,23,26,29,32-undecone	CCC1C(=O)N(CC(=O)N(C(C(=O)NC(C(=O)N(C(C(=O)NC(C(=O)NC(C(=O)N(C(C(=O)N(C(C(=O)N(C(C(=O)N(C(C(=O)N1)C(C(C)CC=CC)O)C)C(C)C)C)CC(C)C)C)CC(C)C)C)C)C)CC(C)C)C)C(C)C)CC(C)C)C)C	http://pubchem.ncbi.nlm.nih.gov/summary/summary.cgi?cid=5284373		Positive	0.93	11419964									
Cyproheptadine HCl	Antipruritics,Gastrointestinal Agents,Histamine H1 Antagonists,Serotonin Antagonists	Not Found	CN1CCC(=C2C3=CC=CC=C3C=CC4=CC=CC=C42)CC1	http://pubchem.ncbi.nlm.nih.gov/summary/summary.cgi?cid=2913		Positive	30	PMID: 15083941									
Cyproterone acetate	Androgen Antagonists	Not Found	CC(=O)C1(CCC2C1(CCC3C2C=C(C4=CC(=O)C5CC5C34C)Cl)C)O	http://pubchem.ncbi.nlm.nih.gov/summary/summary.cgi?cid=5284537		Positive	0.273	Androcur Package insert, IM dose									
Danazol	Estrogen Antagonists	Not Found	CC12CCC3C(C1CCC2(C#C)O)CCC4=CC5=C(CC34C)C=NO5	http://pubchem.ncbi.nlm.nih.gov/summary/summary.cgi?cid=28417		Positive	0.025	15734296 - 8 healthy males									
Dantrolene Sodium	Muscle relaxant					Positive	1.24	PMID: 499321									
Dapsone	Antimalarials,Folic Acid Antagonists,Leprostatic Agents	4-(4-aminophenyl)sulfonylaniline	C1=CC(=CC=C1N)S(=O)(=O)C2=CC=C(C=C2)N	http://pubchem.ncbi.nlm.nih.gov/summary/summary.cgi?cid=2955		Positive	1.49	12432968									
Deferoxamine Mesylate	Siderophores	N'-[5-(acetyl-hydroxy-amino)pentyl]-N-[5-[3-(5-aminopentyl-hydroxy-carbamoyl)propanoylamino]pentyl]-N-hydroxy-butanediamide	CC(=O)N(CCCCCNC(=O)CCC(=O)N(CCCCCNC(=O)CCC(=O)N(CCCCCN)O)O)O	http://pubchem.ncbi.nlm.nih.gov/summary/summary.cgi?cid=2973		Positive	10	16339661 - 8 hr infusion at 40 mg/kg in 28 adult patients									
Demeclocycline HCl	Antibacterial					Positive	1.22	6 patients - single oral dose of 150 mg - Cmax is 3 hr post - type \Declomycin pharmacokinetics\ into Google									
desipramine	Enzyme Inhibitors,Adrenergic Uptake Inhibitors	Not Found	CNCCCN1C2=CC=CC=C2CCC3=CC=CC=C31	http://pubchem.ncbi.nlm.nih.gov/summary/summary.cgi?cid=2995		Negative	0.0168	9284850 - single 50 mg oral dose in 6 healthy volunteers									
Dexamethasone	Antiemetics,Glucocorticoids	(8S,9S,10S,11S,13S,14S,16R,17R)-9-fluoro-11,17-dihydroxy-17-(2-hydroxyacetyl)-10,13,16-trimethyl-6,7,8,11,12,14,15,16-octahydrocyclopenta[a]phenanthren-3-one	CC1CC2C3CCC4=CC(=O)C=CC4(C3(C(CC2(C1(C(=O)CO)O)C)O)F)C	http://pubchem.ncbi.nlm.nih.gov/summary/summary.cgi?cid=5743		Negative	0.088	9855321 - 18 healthy males receive 8 mg orally									
Dextromethorphan HBr	Antitussive Agents,Excitatory Amino Acid Antagonists	Not Found	CN1CCC23CCCCC2C1CC4=C3C=C(C=C4)OC	http://pubchem.ncbi.nlm.nih.gov/summary/summary.cgi?cid=5360696		Negative	0.0077	15342614									
d-galactosamine	Liver toxin, non-drug					Positive		nothing found									
diclofenac	Cyclooxygenase Inhibitors	2-[2-[(2,6-dichlorophenyl)amino]phenyl]acetic acid	C1=CC=C(C(=C1)CC(=O)O)NC2=C(C=CC=C2Cl)Cl	http://pubchem.ncbi.nlm.nih.gov/summary/summary.cgi?cid=3033		Positive	2.367	ARTHROTEC - PDR Electronic Library									
Didanosine	Antimetabolites,Reverse Transcriptase Inhibitors	9-[(2R,5S)-5-(hydroxymethyl)oxolan-2-yl]-3H-purin-6-one	C1CC(OC1CO)N2C=NC3=C2NC=NC3=O	http://pubchem.ncbi.nlm.nih.gov/summary/summary.cgi?cid=50599		Positive	0.922	12236845 - single dose (buffered tablet) of 200 mg in 18 healthy males									
Diethylcarbamazine	Filaricides,Lipoxygenase Inhibitors	N,N-diethyl-4-methyl-piperazine-1-carboxamide	CCN(CC)C(=O)N1CCN(CC1)C	http://pubchem.ncbi.nlm.nih.gov/summary/summary.cgi?cid=3052		Positive	0.637	11865970 - single oral dose of 150 mg to 12 healthy volunteers									
Diflunisal	Cyclooxygenase Inhibitors	5-(2,4-difluorophenyl)-2-hydroxy-benzoic acid	C1=CC(=C(C=C1C2=C(C=C(C=C2)F)F)C(=O)O)O	http://pubchem.ncbi.nlm.nih.gov/summary/summary.cgi?cid=3059		Positive	124	PDR Electronic Library									
Digoxin	Cardiotonic Agents,Enzyme Inhibitors	4-[(3S,5R,8R,9S,10S,12R,13S,14S)-3-[(2R,4S,5S,6R)-5-[(2S,4S,5S,6R)-5-[(2S,4S,5S,6R)-4,5-dihydroxy-6-methyl-oxan-2-yl]oxy-4-hydroxy-6-methyl-oxan-2-yl]oxy-4-hydroxy-6-methyl-oxan-2-yl]oxy-12,14-dihydroxy-10,13-dimethyl-1,2,3,4,5,6,7,8,9,11,12,15,16,17-tetradecahydrocyclopenta[a]phenanthren-17-yl]-5H-furan-2-one	CC1C(C(CC(O1)OC2C(OC(CC2O)OC3C(OC(CC3O)OC4CCC5(C(C4)CCC6C5CC(C7(C6(CCC7C8=CC(=O)OC8)O)C)O)C)C)C)O)O	http://pubchem.ncbi.nlm.nih.gov/summary/summary.cgi?cid=30322		Negative	0.00221	12463730 - 18 healthy males									
dilthiazem HCl	Antihypertensive Agents,Calcium Channel Blockers,Cardiovascular Agents,Vasodilator Agents	[(4R,5R)-2-(2-dimethylaminoethyl)-5-(4-methoxyphenyl)-3-oxo-6-thia-2-azabicyclo[5.4.0]undeca-7,9,11-trien-4-yl] acetate hydrochloride	CC(=O)OC1C(SC2=CC=CC=C2N(C1=O)CCN(C)C)C3=CC=C(C=C3)OC.Cl	http://pubchem.ncbi.nlm.nih.gov/summary/summary.cgi?cid=62920		Negative	0.14762	14517197 - correct spelling of drug is \diltiazem\ - 22 healthy volunteers									
Diphenhydramine HCl	Antiemetics,Antiparkinson Agents,Antipruritics,Antitussive Agents,Histamine H1 Antagonists,Hypnotics and Sedatives	2-benzhydryloxy-N,N-dimethyl-ethanamine	CN(C)CCOC(C1=CC=CC=C1)C2=CC=CC=C2	http://pubchem.ncbi.nlm.nih.gov/summary/summary.cgi?cid=3100		Negative	0.0876	11304721 - 30 healthy volunteers - 50 mg oral dose									
Disopyramide Phosphate	Parasympatholytics	2-phenyl-4-(propan-2-ylamino)-2-pyridin-2-yl-butanamide	CC(C)NCCC(C1=CC=CC=C1)(C2=CC=CC=N2)C(=O)N	http://pubchem.ncbi.nlm.nih.gov/summary/summary.cgi?cid=107858		Positive	2.8	3392228 - ten patients with cardiac arrhythmias - 300 mg dose; 6705426 									
Dobutamine HCl	Cardiotonic Agents,Sympathomimetics	4-[2-[4-(4-hydroxyphenyl)butan-2-ylamino]ethyl]benzene-1,2-diol	CC(CCC1=CC=C(C=C1)O)NCCC2=CC(=C(C=C2)O)O	http://pubchem.ncbi.nlm.nih.gov/summary/summary.cgi?cid=36811		Negative	0.403	9165162 - 13 men referred for dobutamine stress echocardiography (DSE) - IV administration									
Donepezil	Cholinesterase Inhibitors,Nootropic Agents	2-[(1-benzyl-4-piperidyl)methyl]-5,6-dimethoxy-2,3-dihydroinden-1-one	COC1=C(C=C2C(=C1)CC(C2=O)CC3CCN(CC3)CC4=CC=CC=C4)OC	http://pubchem.ncbi.nlm.nih.gov/summary/summary.cgi?cid=3152		Negative	0.0085	12958848 - 5 mg capsule to 20 healthy volunteers									
Dopamine	Cardiotonic Agents,Dopamine Agents	4-(2-aminoethyl)benzene-1,2-diol	C1=CC(=C(C=C1CCN)O)O	http://pubchem.ncbi.nlm.nih.gov/summary/summary.cgi?cid=681		Negative											
Doxycycline hyclate	Antimalarials	(2Z,4S,4aR,5S,5aS,6R,12aS)-2-(amino-hydroxy-methylidene)-4-dimethylamino-5,10,11,12a-tetrahydroxy-6-methyl-4a,5,5a,6-tetrahydro-4H-tetracene-1,3,12-trione	CC1C2C(C3C(C(=O)C(=C(N)O)C(=O)C3(C(=O)C2=C(C4=C1C=CC=C4O)O)O)N(C)C)O	http://pubchem.ncbi.nlm.nih.gov/summary/summary.cgi?cid=5281011		Positive	5	Vibramycin Package Insert  1.6ug/ml after fasting PMID 3072140 									
Edrophonium Chloride	Antidotes,Cholinesterase Inhibitors	ethyl-(3-hydroxyphenyl)-dimethyl-azanium	CC[N+](C)(C)C1=CC(=CC=C1)O	http://pubchem.ncbi.nlm.nih.gov/summary/summary.cgi?cid=3202		Negative											
Ergocalciferol	Vitamins,Bone Density Conservation Agents	(1S,3Z)-3-[(2E)-2-[(1R,3aR,7aR)-1-[(E,2S,5R)-5,6-dimethylhept-3-en-2-yl]-7a-methyl-2,3,3a,5,6,7-hexahydro-1H-inden-4-ylidene]ethylidene]-4-methylidene-cyclohexan-1-ol	CC(C)C(C)C=CC(C)C1CCC2C1(CCCC2=CC=C3CC(CCC3=C)O)C	http://pubchem.ncbi.nlm.nih.gov/summary/summary.cgi?cid=5280793		Negative	0.0198325	15531486; 305185									
Ergonovine Maleate	Oxytocics	Not Found	CC(CO)NC(=O)C1CN(C2CC3=CNC4=CC=CC(=C34)C2=C1)C.C(=CC(=O)O)C(=O)O	http://pubchem.ncbi.nlm.nih.gov/summary/summary.cgi?cid=6437065		Negative	0.0008	8909954 - 1 male volunteer, oral dose, 0.125 mg									
erythromycin	Gastrointestinal Agents,Protein Synthesis Inhibitors	(3R,4S,5R,6R,7R,9R,11R,12R,13S,14R)-6-[(2S,3R,4S,6R)-4-dimethylamino-3-hydroxy-6-methyl-oxan-2-yl]oxy-14-ethyl-7,12,13-trihydroxy-4-[(2R,4R,5S,6S)-5-hydroxy-4-methoxy-4,6-dimethyl-oxan-2-yl]oxy-3,5,7,9,11,13-hexamethyl-1-oxacyclotetradecane-2,10-dione	CCC1C(C(C(C(=O)C(CC(C(C(C(C(C(=O)O1)C)OC2CC(C(C(O2)C)O)(C)OC)C)OC3C(C(CC(O3)C)N(C)C)O)(C)O)C)C)O)(C)O	http://pubchem.ncbi.nlm.nih.gov/summary/summary.cgi?cid=12560		Negative	1.33	15898434									
Erythromycin estolate	Gastrointestinal Agents,Protein Synthesis Inhibitors	(3R,4S,5R,6R,7R,9R,11R,12R,13S,14R)-6-[(2S,3R,4S,6R)-4-dimethylamino-3-hydroxy-6-methyl-oxan-2-yl]oxy-14-ethyl-7,12,13-trihydroxy-4-[(2R,4R,5S,6S)-5-hydroxy-4-methoxy-4,6-dimethyl-oxan-2-yl]oxy-3,5,7,9,11,13-hexamethyl-1-oxacyclotetradecane-2,10-dione	CCC1C(C(C(C(=O)C(CC(C(C(C(C(C(=O)O1)C)OC2CC(C(C(O2)C)O)(C)OC)C)OC3C(C(CC(O3)C)N(C)C)O)(C)O)C)C)O)(C)O	http://pubchem.ncbi.nlm.nih.gov/summary/summary.cgi?cid=12560		Positive	3.08	3259856 - 500 mg single dose in 12 healthy volunteers									
Eserine	Cholinesterase Inhibitors,Miotics	Not Found	CC12CCN(C1N(C3=C2C=C(C=C3)OC(=O)NC)C)C	http://pubchem.ncbi.nlm.nih.gov/summary/summary.cgi?cid=5983		Negative											
estradiol	Estrogens	(8S,9S,13S,14S,17S)-17-ethynyl-13-methyl-7,8,9,11,12,14,15,16-octahydro-6H-cyclopenta[a]phenanthrene-3,17-diol	CC12CCC3C(C1CCC2(C#C)O)CCC4=C3C=CC(=C4)O	http://pubchem.ncbi.nlm.nih.gov/summary/summary.cgi?cid=5991		Negative	4.29E-05	9793623									
estradiol 17b glucuronide	Estrogen metabolite, non-drug					Positive											
Estrone	Estrogens	sodium (8S,9S,13S,14S)-13-methyl-17-oxo-3-sulfonatooxy-7,8,9,11,12,14,15,16-octahydro-6H-cyclopenta[a]phenanthrene	CC12CCC3C(C1CCC2=O)CCC4=C3C=CC(=C4)OS(=O)(=O)[O-].[Na+]	http://pubchem.ncbi.nlm.nih.gov/summary/summary.cgi?cid=9919		Positive	0.0059	10865186 - single dose (two 0.625 mg tablets) given to 41 healthy post-menopausal women									
Ethynodiol Diacetate	Hormonal contraceptive					Positive	0.01125	PMID: 6342899									
Etoposide	Nucleic Acid Synthesis Inhibitors	Not Found	CC1OCC2C(O1)C(C(C(O2)OC3C4COC(=O)C4C(C5=CC6=C(C=C35)OCO6)C7=CC(=C(C(=C7)OC)O)OC)O)O	http://pubchem.ncbi.nlm.nih.gov/summary/summary.cgi?cid=36462		Positive	2.38	10427872 - 8 adult cancer patients receive single oral dose of 50 mg									
Famotidine	Histamine H2 Antagonists	3-[[2-(diaminomethylideneamino)-1,3-thiazol-4-yl]methylsulfanyl]-N'-sulfamoyl-propanimidamide	C1=C(N=C(S1)N=C(N)N)CSCCC(=NS(=O)(=O)N)N	http://pubchem.ncbi.nlm.nih.gov/summary/summary.cgi?cid=3325		Negative	0.104	PMID: 2888738									
FCCP	Mitochondria uncoupler, non-drug	p-trifluoromethoxy carbonyl cyanide phenyl hydrazone				Positive											
Felbamate	Anticonvulsants,Neuroprotective Agents	(3-carbamoyloxy-2-phenyl-propyl) carbamate	C1=CC=C(C=C1)C(COC(=O)N)COC(=O)N	http://pubchem.ncbi.nlm.nih.gov/summary/summary.cgi?cid=3331		Positive	0.0196	British Journal of Clinical Pharmacology,Volume 44 Page 129  - August 1997									
Fenofibrate	Antilipemic Agents	propan-2-yl 2-[4-(4-chlorobenzoyl)phenoxy]-2-methyl-propanoate	CC(C)OC(=O)C(C)(C)OC1=CC=C(C=C1)C(=O)C2=CC=C(C=C2)Cl	http://pubchem.ncbi.nlm.nih.gov/summary/summary.cgi?cid=3339		Positive	4.38	16490579									
Fenoprofen Sodium	Cyclooxygenase Inhibitors	2-(3-phenoxyphenyl)propanoic acid	CC(C1=CC(=CC=C1)OC2=CC=CC=C2)C(=O)O	http://pubchem.ncbi.nlm.nih.gov/summary/summary.cgi?cid=3342		Positive	14.1	Chirality.  2004; 16(9):602-8 (ISSN: 0899-0042)									
Fenoterol HBr	Bronchodilator Agents,Sympathomimetics,Tocolytic Agents	5-[1-hydroxy-2-[1-(4-hydroxyphenyl)propan-2-ylamino]ethyl]benzene-1,3-diol	CC(CC1=CC=C(C=C1)O)NCC(C2=CC(=CC(=C2)O)O)O	http://pubchem.ncbi.nlm.nih.gov/summary/summary.cgi?cid=3343		Positive	0.0002	PMID: 2721883									
Flecainide Acetate	Anti-arrhythmic					Positive	0.43	15619132									
Floxuridine	Antiviral Agents	5-fluoro-1-[(2R,4S,5R)-4-hydroxy-5-(hydroxymethyl)oxolan-2-yl]pyrimidine-2,4-dione	C1C(C(OC1N2C=C(C(=O)NC2=O)F)CO)O	http://pubchem.ncbi.nlm.nih.gov/summary/summary.cgi?cid=5790		Positive	3.3	15844007									
Fluconazole (UK-49858)	Antifungal Agents	2-(2,4-difluorophenyl)-1,3-bis(1,2,4-triazol-1-yl)propan-2-ol	C1=CC(=C(C=C1F)F)C(CN2C=NC=N2)(CN3C=NC=N3)O	http://pubchem.ncbi.nlm.nih.gov/summary/summary.cgi?cid=3365		Positive	2.7	PMID: 8444063									
Flucytosine	Antifungal Agents,Antimetabolites	4-amino-5-fluoro-3H-pyrimidin-2-one	C1=NC(=O)NC(=C1F)N	http://pubchem.ncbi.nlm.nih.gov/summary/summary.cgi?cid=3366		Positive	35	Flucytosine package insert (Mosby) http://www.drugs.com/pdr/FLUCYTOSINE.html									
Fludrocortisone Acetate	Glucocorticoids	(6S,8R,9R,10S,11S,13S,14S,16R,17R)-6-fluoro-11,17-dihydroxy-17-(2-hydroxyacetyl)-10,13,16-trimethyl-7,8,9,11,12,14,15,16-octahydro-6H-cyclopenta[a]phenanthren-3-one	CC1CC2C3CC(C4=CC(=O)C=CC4(C3C(CC2(C1(C(=O)CO)O)C)O)C)F	http://pubchem.ncbi.nlm.nih.gov/summary/summary.cgi?cid=5875		Negative											
Flumazenil	Antidotes,GABA Modulators	Not Found	CCOC(=O)C1=C2CN(C(=O)C3=C(N2C=N1)C=CC(=C3)F)C	http://pubchem.ncbi.nlm.nih.gov/summary/summary.cgi?cid=3373		Negative	0.34	http://www.inchem.org/documents/antidote/antidote/ant01.htm#PartNumber:4									
fluoxetine	Serotonin Uptake Inhibitors	N-methyl-3-phenyl-3-[4-(trifluoromethyl)phenoxy]propan-1-amine	CNCCC(C1=CC=CC=C1)OC2=CC=C(C=C2)C(F)(F)F	http://pubchem.ncbi.nlm.nih.gov/summary/summary.cgi?cid=3386		Negative	0.015	Physician Desk Reference: Prozac									
Flurbiprofen	Analgesics,Carbonic Anhydrase Inhibitors,Cyclooxygenase Inhibitors	2-(3-fluoro-4-phenyl-phenyl)propanoic acid	CC(C1=CC(=C(C=C1)C2=CC=CC=C2)F)C(=O)O	http://pubchem.ncbi.nlm.nih.gov/summary/summary.cgi?cid=3394		Positive	14	Ansaid Package Insert									
Flutamide	Androgen Antagonists	2-methyl-N-[4-nitro-3-(trifluoromethyl)phenyl]propanamide	CC(C)C(=O)NC1=CC(=C(C=C1)[N+](=O)[O-])C(F)(F)F	http://pubchem.ncbi.nlm.nih.gov/summary/summary.cgi?cid=3397		Positive	0.1	PMID:  3169114; metabolite 2-hydroxyflutamide has 10x blood level.									
Fluvastatin	Anticholesteremic Agents,Antioxidants,Enzyme Inhibitors,Free Radical Scavengers	sodium (E,3S,5R)-7-[3-(4-fluorophenyl)-1-propan-2-yl-indol-2-yl]-3,5-dihydroxy-hept-6-enoate	CC(C)N1C2=CC=CC=C2C(=C1C=CC(CC(CC(=O)[O-])O)O)C3=CC=C(C=C3)F.[Na+]	http://pubchem.ncbi.nlm.nih.gov/summary/summary.cgi?cid=5281101		Negative	0.273	Lescol package insert http://www.rxlist.com/cgi/generic2/fluvastatinxl_cp.htm									
fluvoxamine	Serotonin Uptake Inhibitors	2-[[5-methoxy-1-[4-(trifluoromethyl)phenyl]pentylidene]amino]oxyethanamine	COCCCCC(=NOCCN)C1=CC=C(C=C1)C(F)(F)F	http://pubchem.ncbi.nlm.nih.gov/summary/summary.cgi?cid=5324346		Positive	0.03	1485372									
Folate	Hematinics,Vitamin B Complex	(2S)-2-[[4-[(2-amino-4-oxo-1H-pteridin-6-yl)methylamino]benzoyl]amino]pentanedioic acid	C1=CC(=CC=C1C(=O)NC(CCC(=O)O)C(=O)O)NCC2=CN=C3C(=N2)C(=O)N=C(N3)N	http://pubchem.ncbi.nlm.nih.gov/summary/summary.cgi?cid=6037		Negative	0.059589	15650277 - 6 healthy women receive single oral dose of 1.1 mg									
Furazolidone	Antitrichomonal Agents,Monoamine Oxidase Inhibitors	3-[(5-nitro-2-furyl)methylideneamino]-1,3-oxazolidin-2-one	C1COC(=O)N1N=CC2=CC=C(O2)[N+](=O)[O-]	http://pubchem.ncbi.nlm.nih.gov/summary/summary.cgi?cid=5323714		Positive	0.34	British Journal of Clinical Pharmacology, Volume 52 Page 205  - August 2001									
Furosemide	Diuretics,Sodium Potassium Chloride Symporter Inhibitors	4-chloro-2-(2-furylmethylamino)-5-sulfamoyl-benzoic acid	C1=COC(=C1)CNC2=CC(=C(C=C2C(=O)O)S(=O)(=O)N)Cl	http://pubchem.ncbi.nlm.nih.gov/summary/summary.cgi?cid=3440		Positive	1.08	9629992									
Gabapentin	Analgesics,Anticonvulsants,Antiparkinson Agents,Calcium Channel Blockers,Excitatory Amino Acid Antagonists,Antimanic Agents	2-[1-(aminomethyl)cyclohexyl]acetic acid	C1CCC(CC1)(CC(=O)O)CN	http://pubchem.ncbi.nlm.nih.gov/summary/summary.cgi?cid=3446		Negative	2.474	11288201 - 300 mg single oral dose given to 24 healthy volunteers									
Gallamine Triethiodide	Neuromuscular Nondepolarizing Agents,Nicotinic Antagonists	2-[2,6-bis(2-triethylammonioethoxy)phenoxy]ethyl-triethyl-azanium triiodide	CC[N+](CC)(CC)CCOC1=C(C(=CC=C1)OCC[N+](CC)(CC)CC)OCC[N+](CC)(CC)CC.[I-].[I-].[I-]	http://pubchem.ncbi.nlm.nih.gov/summary/summary.cgi?cid=6172		Negative	12	6875023									
Gallium Nitrate Hydrate	Antineoplastic Agents,Immunosuppressive Agents	gallium(+3) cation trinitrate	[N+](=O)([O-])[O-].[N+](=O)([O-])[O-].[N+](=O)([O-])[O-].[Ga+3]	http://pubchem.ncbi.nlm.nih.gov/summary/summary.cgi?cid=61635		Negative											
gatifloxacin	Antibacterial					Negative	4.35	16232015									
Gemfibrozil	Antilipemic Agents	5-(2,5-dimethylphenoxy)-2,2-dimethyl-pentanoic acid	CC1=CC(=C(C=C1)C)OCCCC(C)(C)C(=O)O	http://pubchem.ncbi.nlm.nih.gov/summary/summary.cgi?cid=3463		Positive	46.4	16080277 - retrieved value from Prous									
Glafenine	Analgesics					Positive	0.7	1358775 - 12 healthy volunteers given 400 mg single oral dose									
Gliclazide	Hypoglycemic Agents	1-(3-azabicyclo[3.3.0]oct-3-yl)-3-(4-methylphenyl)sulfonyl-urea	CC1=CC=C(C=C1)S(=O)(=O)NC(=O)NN2CC3CCCC3C2	http://pubchem.ncbi.nlm.nih.gov/summary/summary.cgi?cid=3475		Negative	4.6	Clin Pharmacol Ther 2003, 74(4): 334 - via Prous									
Glimepiride	Hypoglycemic Agents,Immunosuppressive Agents	3-ethyl-4-methyl-N-[2-[4-[(4-methylcyclohexyl)carbamoylsulfamoyl]phenyl]ethyl]-2-oxo-5H-pyrrole-1-carboxamide	CCC1=C(CN(C1=O)C(=O)NCCC2=CC=C(C=C2)S(=O)(=O)NC(=O)NC3CCC(CC3)C)C	http://pubchem.ncbi.nlm.nih.gov/summary/summary.cgi?cid=3476		Negative	0.551	PDR Electronic Library - 12 healthy volunteers									
Griseofulvin	Antifungal					Positive	1.6	4055158 - 6 healthy volunteers									
Hycanthone	Schistosomicides	1-(2-diethylaminoethylamino)-4-(hydroxymethyl)thioxanthen-9-one	CCN(CC)CCNC1=C2C(=C(C=C1)CO)SC3=CC=CC=C3C2=O	http://pubchem.ncbi.nlm.nih.gov/summary/summary.cgi?cid=3634		Positive											
Hydrochlorothiazide	Antihypertensive Agents,Diuretics,Sodium Chloride Symporter Inhibitors	Not Found	C1NC2=CC(=C(C=C2S(=O)(=O)N1)S(=O)(=O)N)Cl	http://pubchem.ncbi.nlm.nih.gov/summary/summary.cgi?cid=3639		Positive	0.49	6716243									
Hydrocortisone	Dermatologic Agents	[(8R,9R,10R,11S,13S,14S,17R)-11-hydroxy-17-(2-hydroxyacetyl)-10,13-dimethyl-3-oxo-2,6,7,8,9,11,12,14,15,16-decahydro-1H-cyclopenta[a]phenanthren-17-yl] butanoate	CCCC(=O)OC1(CCC2C1(CC(C3C2CCC4=CC(=O)CCC34C)O)C)C(=O)CO	http://pubchem.ncbi.nlm.nih.gov/summary/summary.cgi?cid=26133		Negative	0.305	J Clin Pharmacol. 1991 May;31(5):473-6.									
Hydroxyurea	Antineoplastic Agents,Antisickling Agents,Enzyme Inhibitors,Nucleic Acid Synthesis Inhibitors	hydroxyurea	C(=O)(N)NO	http://pubchem.ncbi.nlm.nih.gov/summary/summary.cgi?cid=3657		Positive	60.36	Blood, Vol. 91 No. 5 (March 1), 1998: pp. 1533-1541 									
Idarubicin HCl	Antineoplastic Agents	(9R)-7-[(2S,4S,5S,6S)-4-amino-5-hydroxy-6-methyl-oxan-2-yl]oxy-6,9,11-trihydroxy-9-(1-hydroxyethyl)-8,10-dihydro-7H-tetracene-5,12-dione	CC1C(C(CC(O1)OC2CC(CC3=C(C4=C(C(=C23)O)C(=O)C5=CC=CC=C5C4=O)O)(C(C)O)O)N)O	http://pubchem.ncbi.nlm.nih.gov/summary/summary.cgi?cid=107865		Negative	0.0118	Goodman									
Idoxuridine	Antiviral Agents,Nucleic Acid Synthesis Inhibitors	1-[(2R,4S,5R)-4-hydroxy-5-(hydroxymethyl)oxolan-2-yl]-5-iodo-pyrimidine-2,4-dione	C1C(C(OC1N2C=C(C(=O)NC2=O)I)CO)O	http://pubchem.ncbi.nlm.nih.gov/summary/summary.cgi?cid=5905		Positive											
Imipramine HCl	Adrenergic Uptake Inhibitors	Not Found	CN(C)CCCN1C2=CC=CC=C2CCC3=CC=CC=C31	http://pubchem.ncbi.nlm.nih.gov/summary/summary.cgi?cid=3696		Positive	0.0245	PMID: 9284850									
indomethacin	Cardiovascular Agents,Gout Suppressants,Tocolytic Agents,Cyclooxygenase Inhibitors	2-[1-(4-chlorobenzoyl)-5-methoxy-2-methyl-indol-3-yl]acetic acid	CC1=C(C2=C(N1C(=O)C3=CC=C(C=C3)Cl)C=CC(=C2)OC)CC(=O)O	http://pubchem.ncbi.nlm.nih.gov/summary/summary.cgi?cid=3715		Positive	2	Indocin Package Insert									
isoniazid	Antitubercular Agents	pyridine-4-carbohydrazide	C1=CN=CC=C1C(=O)NN	http://pubchem.ncbi.nlm.nih.gov/summary/summary.cgi?cid=3767		Positive	10.5	Am J Ther. 2001 Jul-Aug;8(4):243-6									
Isoproterenol HCl	Bronchodilator Agents,Cardiotonic Agents,Sympathomimetics	4-[1-hydroxy-2-(propan-2-ylamino)ethyl]benzene-1,2-diol	CC(C)NCC(C1=CC(=C(C=C1)O)O)O	http://pubchem.ncbi.nlm.nih.gov/summary/summary.cgi?cid=3779		Negative											
Isotretinoin	Antineoplastic Agents,Keratolytic Agents	(2E,4E,6E,8E)-3,7-dimethyl-9-(2,6,6-trimethyl-1-cyclohexenyl)nona-2,4,6,8-tetraenoic acid	CC1=C(C(CCC1)(C)C)C=CC(=CC=CC(=CC(=O)O)C)C	http://pubchem.ncbi.nlm.nih.gov/summary/summary.cgi?cid=444795		Positive	0.301	Accutane Package Insert									
Isoxsuprine HCl	Sympathomimetics,Vasodilator Agents,Tocolytic Agents	4-[1-hydroxy-2-(1-phenoxypropan-2-ylamino)propyl]phenol	CC(COC1=CC=CC=C1)NC(C)C(C2=CC=C(C=C2)O)O	http://pubchem.ncbi.nlm.nih.gov/summary/summary.cgi?cid=3783		Negative											
Kanamycin Sulfate	Antibacterial					Negative	35	PMID:  6391781 - 1 g i.m. s.d.									
Ketorolac Tromethamine	Cyclooxygenase Inhibitors	5-benzoyl-2,3-dihydro-1H-pyrrolizine-1-carboxylic acid	C1CN2C(=CC=C2C(=O)C3=CC=CC=C3)C1C(=O)O	http://pubchem.ncbi.nlm.nih.gov/summary/summary.cgi?cid=3826		Positive	0.9	2303585 - 10 mg single oral dose in 12 healthy elderly volunteers									
Ketotifen	Antipruritics,Histamine H1 Antagonists	Not Found	CN1CCC(=C2C3=C(C(=O)CC4=CC=CC=C42)SC=C3)CC1	http://pubchem.ncbi.nlm.nih.gov/summary/summary.cgi?cid=3827		Negative	0.000449	14608613 - single oral dose - 2 mg - 16 healthy Chinese volunteers									
Labetalol	Antihypertensive Agents,Sympatholytics	2-hydroxy-5-[1-hydroxy-2-(4-phenylbutan-2-ylamino)ethyl]benzamide	CC(CCC1=CC=CC=C1)NCC(C2=CC(=C(C=C2)O)C(=O)N)O	http://pubchem.ncbi.nlm.nih.gov/summary/summary.cgi?cid=3869		Positive	0.881	2309815 - pregnant women w/ hypertension									
Lamivudine	Reverse Transcriptase Inhibitors	4-amino-1-[(2R,5S)-2-(hydroxymethyl)-1,3-oxathiolan-5-yl]pyrimidin-2-one	C1C(OC(S1)CO)N2C=CC(=NC2=O)N	http://pubchem.ncbi.nlm.nih.gov/summary/summary.cgi?cid=60825		Negative	5.82	PMID: 1283519									
L-arginine	Amino acid supplement					Negative											
Leflunomide	Antineoplastic Agents,Antiparasitic Agents,Antiviral Agents,Enzyme Inhibitors,Growth Inhibitors,Immunosuppressive Agents	5-methyl-N-[4-(trifluoromethyl)phenyl]-1,2-oxazole-4-carboxamide	CC1=C(C=NO1)C(=O)NC2=CC=C(C=C2)C(F)(F)F	http://pubchem.ncbi.nlm.nih.gov/summary/summary.cgi?cid=3899		Positive	6.7	12060531 - 60 mg oral dose given to 18 healthy Chinese volunteers									
L-Ethionine	Antimetabolites	(2S)-2-amino-4-ethylsulfanyl-butanoic acid	CCSCCC(C(=O)O)N	http://pubchem.ncbi.nlm.nih.gov/summary/summary.cgi?cid=25674		Positive											
Levodopa	Antiparkinson Agents,Dopamine Agents	(2S)-2-amino-3-(3,4-dihydroxyphenyl)propanoic acid	C1=CC(=C(C=C1CC(C(=O)O)N)O)O	http://pubchem.ncbi.nlm.nih.gov/summary/summary.cgi?cid=6047		Negative	1.35	15613930; 9795070									
levofloxacin	Antibacterial					Negative	5.7	12971031									
Lidocaine	Local anaesthetic					Negative	8.5	PMID: 9010944, IV dose									
Lisinopril	Antihypertensive Agents,Cardiotonic Agents	(2S)-1-[(2S)-6-amino-2-[[(1S)-1-carboxy-3-phenyl-propyl]amino]hexanoyl]pyrrolidine-2-carboxylic acid	C1CC(N(C1)C(=O)C(CCCCN)NC(CCC2=CC=CC=C2)C(=O)O)C(=O)O	http://pubchem.ncbi.nlm.nih.gov/summary/summary.cgi?cid=5362119		Positive	0.29	Br J Clin Pharmacol 1989, 27(1): 57 - value via Prous - 40 mg single dose to elderly									
Lithocholic acid	Bile Acid, non-drug	(4R)-4-[(3R,5R,8S,9S,10S,13R,14S,17R)-3-hydroxy-10,13-dimethyl-2,3,4,5,6,7,8,9,11,12,14,15,16,17-tetradecahydro-1H-cyclopenta[a]phenanthren-17-yl]pentanoic acid	CC(CCC(=O)O)C1CCC2C1(CCC3C2CCC4C3(CCC(C4)O)C)C	http://pubchem.ncbi.nlm.nih.gov/summary/summary.cgi?cid=9903		Positive											
Lomefloxacin HCl	Antitubercular Agents,Photosensitizing Agents	1-ethyl-6,8-difluoro-7-(3-methylpiperazin-1-yl)-4-oxo-quinoline-3-carboxylic acid	CCN1C=C(C(=O)C2=CC(=C(C(=C21)F)N3CCNC(C3)C)F)C(=O)O	http://pubchem.ncbi.nlm.nih.gov/summary/summary.cgi?cid=3948		Positive	4.7	3190181									
Loperamide HCl	Antidiarrheals	4-[4-(4-chlorophenyl)-4-hydroxy-1-piperidyl]-N,N-dimethyl-2,2-diphenyl-butanamide	CN(C)C(=O)C(CCN1CCC(CC1)(C2=CC=C(C=C2)Cl)O)(C3=CC=CC=C3)C4=CC=CC=C4	http://pubchem.ncbi.nlm.nih.gov/summary/summary.cgi?cid=3955		Negative	0.00398	8556221									
Lovastatin	Anticholesteremic Agents,Antineoplastic Agents	[(1S,3R,7R,8S,8aS)-8-[2-[(2R,4R)-4-hydroxy-6-oxo-oxan-2-yl]ethyl]-3,7-dimethyl-1,2,3,7,8,8a-hexahydronaphthalen-1-yl] (2S)-2-methylbutanoate	CCC(C)C(=O)OC1CC(C=C2C1C(C(C=C2)C)CCC3CC(CC(=O)O3)O)C	http://pubchem.ncbi.nlm.nih.gov/summary/summary.cgi?cid=53232		Negative	0.01	1613123									
maleic acid	Herbicides,Plant Growth Regulators	1,2-dihydropyridazine-3,6-dione	C1=CC(=O)NNC1=O	http://pubchem.ncbi.nlm.nih.gov/summary/summary.cgi?cid=21954		Positive											
Maprotiline	Adrenergic Uptake Inhibitors	Not Found	CNCCCC12CCC(C3=CC=CC=C31)C4=CC=CC=C24	http://pubchem.ncbi.nlm.nih.gov/summary/summary.cgi?cid=4011		Negative	0.05	7371367 - 6 male subjects given 50 mg single oral dose									
Mebendazole	Antinematodal Agents	methyl N-(6-benzoyl-1H-benzoimidazol-2-yl)carbamate	COC(=O)NC1=NC2=C(N1)C=C(C=C2)C(=O)C3=CC=CC=C3	http://pubchem.ncbi.nlm.nih.gov/summary/summary.cgi?cid=4030		Positive	0.0372	12586507 - 50 mg immediate release tablet (single oral dose) given to 6 healthy volunteers									
Meclofenamate Sodium	Cyclooxygenase Inhibitors	2-[(2,6-dichloro-3-methyl-phenyl)amino]benzoic acid	CC1=C(C(=C(C=C1)Cl)NC2=CC=CC=C2C(=O)O)Cl	http://pubchem.ncbi.nlm.nih.gov/summary/summary.cgi?cid=4037		Positive	24.01	*** in sheep; no exposure data for human; 8992020									
Medroxyprogesterone Acetate	Hormonal contraceptive					Negative	0.0399	9619751									
Mefenamic Acid	Cyclooxygenase Inhibitors	2-[(2,3-dimethylphenyl)amino]benzoic acid	CC1=C(C(=CC=C1)NC2=CC=CC=C2C(=O)O)C	http://pubchem.ncbi.nlm.nih.gov/summary/summary.cgi?cid=4044		Positive	6.5	9051707 - 24 healthy male volunteers receive 500 mg single dose									
Melatonin	Anticonvulsants,Antioxidants,Free Radical Scavengers	N-[2-(5-methoxy-1H-indol-3-yl)ethyl]acetamide	CC(=O)NCCC1=CNC2=C1C=C(C=C2)OC	http://pubchem.ncbi.nlm.nih.gov/summary/summary.cgi?cid=896		Negative	0.00557	10883420									
Memantine	Antiparkinson Agents,Dopamine Agents,Excitatory Amino Acid Antagonists	3,5-dimethyladamantan-1-amine	CC12CC3CC(C1)(CC(C3)(C2)N)C	http://pubchem.ncbi.nlm.nih.gov/summary/summary.cgi?cid=4054		Negative	0.02208	16413248 - 8 healthy subjects									
Mercaptopurine	Antimetabolites,Immunosuppressive Agents,Nucleic Acid Synthesis Inhibitors	3,7-dihydropurine-6-thione	C1=NC2=C(N1)C(=S)N=CN2	http://pubchem.ncbi.nlm.nih.gov/summary/summary.cgi?cid=667490		Positive	0.073	8599862									
Mesoridazine Besylate	Antipsychotic Agents,Dopamine Antagonists	10-[2-(1-methyl-2-piperidyl)ethyl]-2-methylsulfinyl-phenothiazine	CN1CCCCC1CCN2C3=CC=CC=C3SC4=C2C=C(C=C4)S(=O)C	http://pubchem.ncbi.nlm.nih.gov/summary/summary.cgi?cid=4078		Positive		metabolite of thioridazine									
Metaproterenol Sulfate	Bronchodilator Agents,Sympathomimetics,Tocolytic Agents	5-[1-hydroxy-2-(propan-2-ylamino)ethyl]benzene-1,3-diol	CC(C)NCC(C1=CC(=CC(=C1)O)O)O	http://pubchem.ncbi.nlm.nih.gov/summary/summary.cgi?cid=4086		Positive	0.013	3783458									
Methacycline HCl	Antibacterial					Positive	2.4	Therapeutic Drugs, http://www.actavis.bg/NR/rdonlyres/0D6208B8-0FDE-42C3-AD4D-860C7BFE6D0F/0/Methacyclin_eng.pdf.									
Methicillin Sodium	Antibacterial					Positive	0.00166	1259413									
Methimazole	Antithyroid Agents	1-methyl-3H-imidazole-2-thione	CN1C=CNC1=S	http://pubchem.ncbi.nlm.nih.gov/summary/summary.cgi?cid=1349907		Positive	0.213	3830069 - 5 healthy volunteers receive 10 mg oral dose									
Methotrexate	Dermatologic Agents,Enzyme Inhibitors,Folic Acid Antagonists,Immunosuppressive Agents,Antirheumatic Agents,Nucleic Acid Synthesis Inhibitors	(2S)-2-[[4-[(2,4-diaminopteridin-6-yl)methyl-methyl-amino]benzoyl]amino]pentanedioic acid	CN(CC1=CN=C2C(=N1)C(=NC(=N2)N)N)C3=CC=C(C=C3)C(=O)NC(CCC(=O)O)C(=O)O	http://pubchem.ncbi.nlm.nih.gov/summary/summary.cgi?cid=126941		Positive	0.351	12375315									
Methoxamine HCl	Sympathomimetics,Vasoconstrictor Agents	2-amino-1-(2,5-dimethoxyphenyl)propan-1-ol	CC(C(C1=C(C=CC(=C1)OC)OC)O)N	http://pubchem.ncbi.nlm.nih.gov/summary/summary.cgi?cid=6082		Negative											
Methylergonovine Maleate	Oxytocics	Not Found	CCC(CO)NC(=O)C1CN(C2CC3=CNC4=CC=CC(=C34)C2=C1)C	http://pubchem.ncbi.nlm.nih.gov/summary/summary.cgi?cid=8226		Negative	0.00337	PMID: 15592308									
Methysergide Maleate	Serotonin Antagonists,Vasoconstrictor Agents	Not Found	CCC(CO)NC(=O)C1CN(C2CC3=CN(C4=CC=CC(=C34)C2=C1)C)C	http://pubchem.ncbi.nlm.nih.gov/summary/summary.cgi?cid=9681		Negative	0.0014	PMID: 3709634									
Metoclopramide HCl	Antiemetics,Dopamine Antagonists	4-amino-5-chloro-N-(2-diethylaminoethyl)-2-methoxy-benzamide	CCN(CC)CCNC(=O)C1=CC(=C(C=C1OC)N)Cl	http://pubchem.ncbi.nlm.nih.gov/summary/summary.cgi?cid=4168		Positive	0.01	PMID: 2590616									
Metronidazole	Antiprotozoal Agents	2-(2-methyl-5-nitro-imidazol-1-yl)ethanol	CC1=NC=C(N1CCO)[N+](=O)[O-]	http://pubchem.ncbi.nlm.nih.gov/summary/summary.cgi?cid=4173		Positive	40.6	10384859 - value via Prous - 2 g single dose									
Mexiletine HCl	Anti-arrhythmic					Positive	0.686	2097598 - single oral 400 mg dose in 10 healthy subjects									
Miconazole	Antifungal Agents	1-[2-(2,4-dichlorophenyl)-2-[(2,4-dichlorophenyl)methoxy]ethyl]imidazole	C1=CC(=C(C=C1Cl)Cl)COC(CN2C=CN=C2)C3=C(C=C(C=C3)Cl)Cl	http://pubchem.ncbi.nlm.nih.gov/summary/summary.cgi?cid=4189		Negative	0.01	PMID: 11808824									
Mitoxantrone diHCl	Analgesics,Antineoplastic Agents	1,4-dihydroxy-5,8-bis[2-(2-hydroxyethylamino)ethylamino]anthracene-9,10-dione	C1=CC(=C2C(=C1NCCNCCO)C(=O)C3=C(C=CC(=C3C2=O)O)O)NCCNCCO	http://pubchem.ncbi.nlm.nih.gov/summary/summary.cgi?cid=4212		Positive	0.16	PMID:  10854132									
Molindone HCl	Antipsychotic Agents	3-ethyl-2-methyl-5-(morpholin-4-ylmethyl)-1,5,6,7-tetrahydroindol-4-one	CCC1=C(NC2=C1C(=O)C(CC2)CN3CCOCC3)C	http://pubchem.ncbi.nlm.nih.gov/summary/summary.cgi?cid=23897		Positive	0.482	2861214 - 19 psychotic patients									
Monocrotaline	Alkylating Agents	Not Found	CC1C(=O)OC2CCN3C2=C(COC(=O)C(C1(C)O)(C)O)C=C3	http://pubchem.ncbi.nlm.nih.gov/summary/summary.cgi?cid=104764		Positive											
montelukast	Leukotriene Antagonists	2-[1-[[(1R)-1-[3-[(E)-2-(7-chloroquinolin-2-yl)ethenyl]phenyl]-3-[2-(2-hydroxypropan-2-yl)phenyl]propyl]sulfanylmethyl]cyclopropyl]acetic acid	CC(C)(C1=CC=CC=C1CCC(C2=CC=CC(=C2)C=CC3=NC4=C(C=CC(=C4)Cl)C=C3)SCC5(CC5)CC(=O)O)O	http://pubchem.ncbi.nlm.nih.gov/summary/summary.cgi?cid=5281040		Negative	0.38	PMID: 9711449									
Nadolol	Antihypertensive Agents,Sympatholytics	(2R,3S)-5-[2-hydroxy-3-(tert-butylamino)propoxy]-1,2,3,4-tetrahydronaphthalene-2,3-diol	CC(C)(C)NCC(COC1=CC=CC2=C1CC(C(C2)O)O)O	http://pubchem.ncbi.nlm.nih.gov/summary/summary.cgi?cid=39147		Negative	0.13	PMID: 6714285									
Nalidixic Acid	Antibacterial	1-ethyl-7-methyl-4-oxo-1,8-naphthyridine-3-carboxylic acid	CCN1C=C(C(=O)C2=C1N=C(C=C2)C)C(=O)O	http://pubchem.ncbi.nlm.nih.gov/summary/summary.cgi?cid=4421		Positive	30	Neggram Package Insert									
Nalmefene	Antipruritics,Appetite Depressants,Narcotic Antagonists,Neuroprotective Agents	Not Found	C=C1CCC2(C3CC4=C5C2(C1OC5=C(C=C4)O)CCN3CC6CC6)O	http://pubchem.ncbi.nlm.nih.gov/summary/summary.cgi?cid=5284594		Negative	0.017	9024170									
Naltrexone	Narcotic Antagonists	Not Found	C1CC1CN2CCC34C5C(=O)CCC3(C2CC6=C4C(=C(C=C6)O)O5)O	http://pubchem.ncbi.nlm.nih.gov/summary/summary.cgi?cid=5360515		Positive	0.02	Drug Dev and Industrial Pharmacy, 25(3), 353-356 (1999)									
Nefazodone	Antidepressant	2-[3-[4-(3-chlorophenyl)piperazin-1-yl]propyl]-5-ethyl-4-(2-phenoxyethyl)-1,2,4-triazol-3-one	CCC1=NN(C(=O)N1CCOC2=CC=CC=C2)CCCN3CCN(CC3)C4=CC(=CC=C4)Cl	http://pubchem.ncbi.nlm.nih.gov/summary/summary.cgi?cid=4449		Positive	0.4349	8834414									
Niacin	Antilipemic Agents,Vasodilator Agents,Vitamin B Complex	pyridine-3-carboxylic acid	C1=CC(=CN=C1)C(=O)O	http://pubchem.ncbi.nlm.nih.gov/summary/summary.cgi?cid=938		Positive	18	http://www.drugs.com/pdr/Advicor_Tablets.html									
Nicardipine HCl	Antihypertensive Agents,Calcium Channel Blockers,Vasodilator Agents	2-(benzyl-methyl-amino)ethyl methyl 2,6-dimethyl-4-(3-nitrophenyl)-1,4-dihydropyridine-3,5-dicarboxylate	CC1=C(C(C(=C(N1)C)C(=O)OCCN(C)CC2=CC=CC=C2)C3=CC(=CC=C3)[N+](=O)[O-])C(=O)OC	http://pubchem.ncbi.nlm.nih.gov/summary/summary.cgi?cid=4474		Positive	0.039	 Clin Exp Hypertens. 2004 May;26(4):375-86									
Nifedipine	Calcium Channel Blockers,Vasodilator Agents,Tocolytic Agents	dimethyl 2,6-dimethyl-4-(2-nitrophenyl)-1,4-dihydropyridine-3,5-dicarboxylate	CC1=C(C(C(=C(N1)C)C(=O)OC)C2=CC=CC=C2[N+](=O)[O-])C(=O)OC	http://pubchem.ncbi.nlm.nih.gov/summary/summary.cgi?cid=4485		Positive	0.0939	PMID:  8369004									
Nimesulide	Calcium Channel Blockers,Platelet Aggregation Inhibitors,Cyclooxygenase Inhibitors	N-(4-nitro-2-phenoxy-phenyl)methanesulfonamide	CS(=O)(=O)NC1=C(C=C(C=C1)[N+](=O)[O-])OC2=CC=CC=C2	http://pubchem.ncbi.nlm.nih.gov/summary/summary.cgi?cid=4495		Positive	6.5	PMID: 9812177									
Nimodipine	Antihypertensive Agents,Calcium Channel Blockers,Vasodilator Agents	propan-2-yl 2-methoxyethyl 2,6-dimethyl-4-(3-nitrophenyl)-1,4-dihydropyridine-3,5-dicarboxylate	CC1=C(C(C(=C(N1)C)C(=O)OC(C)C)C2=CC(=CC=C2)[N+](=O)[O-])C(=O)OCCOC	http://pubchem.ncbi.nlm.nih.gov/summary/summary.cgi?cid=4497		Positive	0.04428	8328270									
Nisoldipine	Antihypertensive Agents,Calcium Channel Blockers,Vasodilator Agents	2-methylpropyl methyl 2,6-dimethyl-4-(2-nitrophenyl)-1,4-dihydropyridine-3,5-dicarboxylate	CC1=C(C(C(=C(N1)C)C(=O)OCC(C)C)C2=CC=CC=C2[N+](=O)[O-])C(=O)OC	http://pubchem.ncbi.nlm.nih.gov/summary/summary.cgi?cid=4499		Negative	0.005	Clin Pharmacol Ther 1988, 43(3): 332									
Nocodazole	Antineoplastic Agents	methyl N-[6-(thiophene-2-carbonyl)-1H-benzoimidazol-2-yl]carbamate	COC(=O)NC1=NC2=C(N1)C=C(C=C2)C(=O)C3=CC=CS3	http://pubchem.ncbi.nlm.nih.gov/summary/summary.cgi?cid=4122		Negative											
nomifensine	Dopamine Uptake Inhibitors	2-methyl-4-phenyl-3,4-dihydro-1H-isoquinolin-8-amine	CN1CC(C2=C(C1)C(=CC=C2)N)C3=CC=CC=C3	http://pubchem.ncbi.nlm.nih.gov/summary/summary.cgi?cid=4528		Positive	0.136	Psychopharmacology  1975,45(2):225-227									
Norethindrone	Synthetic hormone					Positive	0.0098	16550733									
Norgestrel	Estrogens	(8S,9S,13S,14S,17S)-17-ethynyl-13-methyl-7,8,9,11,12,14,15,16-octahydro-6H-cyclopenta[a]phenanthrene-3,17-diol	CC12CCC3C(C1CCC2(C#C)O)CCC4=C3C=CC(=C4)O	http://pubchem.ncbi.nlm.nih.gov/summary/summary.cgi?cid=5991		Positive	0.00282	9702850									
Nortriptyline HCl	Adrenergic Uptake Inhibitors	Not Found	CNCCC=C1C2=CC=CC=C2CCC3=CC=CC=C31	http://pubchem.ncbi.nlm.nih.gov/summary/summary.cgi?cid=4543		Positive	0.032	6736279 - value via Prous									
Novobiocin	Antibacterial	[5-hydroxy-6-[2-hydroxy-3-[[4-hydroxy-3-(3-methylbut-2-enyl)benzoyl]amino]-8-methyl-4-oxo-chromen-7-yl]oxy-3-methoxy-2,2-dimethyl-oxan-4-yl] carbamate	CC1=C(C=CC2=C1OC(=C(C2=O)NC(=O)C3=CC(=C(C=C3)O)CC=C(C)C)O)OC4C(C(C(C(O4)(C)C)OC)OC(=O)N)O	http://pubchem.ncbi.nlm.nih.gov/summary/summary.cgi?cid=4546		Positive	62.5	Antimicrob Agents Chemother 1986, 30(1): 42									
Orphenadrine Citrate	Antiparkinson Agents,Parasympatholytics,Muscarinic Antagonists	N,N-dimethyl-2-[(2-methylphenyl)-phenyl-methoxy]ethanamine	CC1=CC=CC=C1C(C2=CC=CC=C2)OCCN(C)C	http://pubchem.ncbi.nlm.nih.gov/summary/summary.cgi?cid=4601		Negative	0.15	PMID:  10952768									
oxybendazole	Anthelmintics	methyl N-(6-propoxy-1H-benzoimidazol-2-yl)carbamate	CCCOC1=CC2=C(C=C1)N=C(N2)NC(=O)OC	http://pubchem.ncbi.nlm.nih.gov/summary/summary.cgi?cid=4622		Positive	0.008	12002632; in horse									
Oxybutynin HCl	Parasympatholytics,Muscarinic Antagonists	4-diethylaminobut-2-ynyl 2-cyclohexyl-2-hydroxy-2-phenyl-acetate	CCN(CC)CC#CCOC(=O)C(C1CCCCC1)(C2=CC=CC=C2)O	http://pubchem.ncbi.nlm.nih.gov/summary/summary.cgi?cid=4634		Negative	0.008	PMID:3234461									
Oxyphenonium	Mydriatics,Parasympatholytics,Muscarinic Antagonists	2-(2-cyclohexyl-2-hydroxy-2-phenyl-acetyl)oxyethyl-diethyl-methyl-azanium	CC[N+](C)(CC)CCOC(=O)C(C1CCCCC1)(C2=CC=CC=C2)O	http://pubchem.ncbi.nlm.nih.gov/summary/summary.cgi?cid=5749		Negative											
Pamidronate	Antineoplastic Agents,Bone Density Conservation Agents	disodium 3-amino-1,1-bis(hydroxy-oxido-phosphoryl)propan-1-ol	C(CN)C(O)(P(=O)(O)[O-])P(=O)(O)[O-].[Na+].[Na+]	http://pubchem.ncbi.nlm.nih.gov/summary/summary.cgi?cid=73351		Negative	2	PMID 9115053, IV dose									
Paromomycin Sulfate	Amebicides	(2R,3S,4R,5R,6R)-5-amino-6-[(1R,2R,3S,4R,6S)-4,6-diamino-2-[(2S,3R,4S,5R)-4-[(2R,3R,4R,5S,6S)-3-amino-6-(aminomethyl)-4,5-dihydroxy-oxan-2-yl]oxy-3-hydroxy-5-(hydroxymethyl)oxolan-2-yl]oxy-3-hydroxy-cyclohexyl]oxy-2-(hydroxymethyl)oxane-3,4-diol	C1C(C(C(C(C1N)OC2C(C(C(C(O2)CO)O)O)N)OC3C(C(C(O3)CO)OC4C(C(C(C(O4)CN)O)O)N)O)O)N	http://pubchem.ncbi.nlm.nih.gov/summary/summary.cgi?cid=165580		Negative	23.4	PMID 9145856, IM dose									
Paroxetine	Serotonin Uptake Inhibitors	(3S,4R)-3-(benzo[1,3]dioxol-5-yloxymethyl)-4-(4-fluorophenyl)piperidine	C1CNCC(C1C2=CC=C(C=C2)F)COC3=CC4=C(C=C3)OCO4	http://pubchem.ncbi.nlm.nih.gov/summary/summary.cgi?cid=43815		Negative	0.02	Acta Psychiatr Scand 1989, 80(Suppl. 350): 89									
p-bromophenol	Liver toxin, non-drug					Positive		none									
Penicillin G Sodium	Antibacterial	3,3-dimethyl-7-oxo-6-[(2-phenylacetyl)amino]-4-thia-1-azabicyclo[3.2.0]heptane-2-carboxylic acid	CC1(C(N2C(S1)C(C2=O)NC(=O)CC3=CC=CC=C3)C(=O)O)C	http://pubchem.ncbi.nlm.nih.gov/summary/summary.cgi?cid=2349		Negative	2.7	Clin Pharmocokinetics 1:297(1976)									
Perhexiline	Calcium Channel Blockers,Cardiovascular Agents,Vasodilator Agents	2-(2,2-dicyclohexylethyl)piperidine	C1CCC(CC1)C(CC2CCCCN2)C3CCCCC3	http://pubchem.ncbi.nlm.nih.gov/summary/summary.cgi?cid=4746		Positive	0.6	3946097									
PF-1						Positive											
Phenacetin	Analgesic	N-(4-ethoxyphenyl)acetamide	CCOC1=CC=C(C=C1)NC(=O)C	http://pubchem.ncbi.nlm.nih.gov/summary/summary.cgi?cid=4754		Positive	2.4	10583039									
Phenazopyridine HCl	Analgesic					Positive	0.0265	http://www.rxlist.com/cgi/generic/zotrim_cp.htm									
phenelzine	Antidepressive Agents,Monoamine Oxidase Inhibitors	phenethylhydrazine; sulfuric acid	C1=CC=C(C=C1)CCNN.OS(=O)(=O)O	http://pubchem.ncbi.nlm.nih.gov/summary/summary.cgi?cid=61100		Negative	0.02	NARDIL package insert									
Phenoxybenzamine HCl	Antihypertensive Agents,Vasodilator Agents	N-benzyl-N-(2-chloroethyl)-1-phenoxy-propan-2-amine	CC(COC1=CC=CC=C1)N(CCCl)CC2=CC=CC=C2	http://pubchem.ncbi.nlm.nih.gov/summary/summary.cgi?cid=4768		Negative	0.06	PMID 8913406									
Phentolamine Mesylate	Antihypertensive Agents	3-[4,5-dihydro-1H-imidazol-2-ylmethyl-(4-methylphenyl)amino]phenol; methanesulfonic acid	CC1=CC=C(C=C1)N(CC2=NCCN2)C3=CC(=CC=C3)O.CS(=O)(=O)O	http://pubchem.ncbi.nlm.nih.gov/summary/summary.cgi?cid=91430		Positive	0.0241	J Clin Pharmacol 1999, 39(9): Abst 25 - via Prous - 40 mg single dose									
Phenylbutazone	Nonsteroidal anti-inflammatory					Positive	150	British Journal of Clinical Pharmacy 2:437-442 (1975), http://eprint.uq.edu.au/archive/00001691/									
Phenylpropanolamine HCl	Appetite Depressants,Sympathomimetics,Nasal Decongestants	(1R,2R)-2-amino-1-phenyl-propan-1-ol	CC(C(C1=CC=CC=C1)O)N	http://pubchem.ncbi.nlm.nih.gov/summary/summary.cgi?cid=26934		Negative	0.22745	9850430									
phenytoin	Anticonvulsants	5,5-diphenylimidazolidine-2,4-dione	C1=CC=C(C=C1)C2(C(=O)NC(=O)N2)C3=CC=CC=C3	http://pubchem.ncbi.nlm.nih.gov/summary/summary.cgi?cid=1775		Positive	5.48	http://www.phenytek.com/healthcare/bioequivalence_fed.shtml									
Pilocarpine	Miotics,Muscarinic Agonists	(3S,4S)-3-ethyl-4-[(3-methylimidazol-4-yl)methyl]oxolan-2-one	CCC1C(COC1=O)CC2=CN=CN2C	http://pubchem.ncbi.nlm.nih.gov/summary/summary.cgi?cid=5910		Negative	0.0205	J Clin Pharmacol 40: 1470-1474 (2000)									
Pinacidil	Antihypertensive Agents,Vasodilator Agents	3-cyano-2-(3,3-dimethylbutan-2-yl)-1-pyridin-4-yl-guanidine	CC(C(C)(C)C)N=C(NC#N)NC1=CC=NC=C1	http://pubchem.ncbi.nlm.nih.gov/summary/summary.cgi?cid=4826		Negative	0.075	PMID:  3440941									
Pindolol	Antihypertensive Agents,Serotonin Antagonists,Vasodilator Agents	1-(1H-indol-4-yloxy)-3-(propan-2-ylamino)propan-2-ol	CC(C)NCC(COC1=CC=CC2=C1C=CN2)O	http://pubchem.ncbi.nlm.nih.gov/summary/summary.cgi?cid=4828		Negative	0.066	PMID 4056049									
Pioglitazone	Hypoglycemic Agents	5-[[4-[2-(5-ethylpyridin-2-yl)ethoxy]phenyl]methyl]-1,3-thiazolidine-2,4-dione	CCC1=CN=C(C=C1)CCOC2=CC=C(C=C2)CC3C(=O)NC(=O)S3	http://pubchem.ncbi.nlm.nih.gov/summary/summary.cgi?cid=4829		Negative	1.05	PMID: 15497670									
Piroxicam	Cyclooxygenase Inhibitors	Not Found	CN1C(=C(NC2=CC=CC=N2)O)C(=O)C3=CC=CC=C3S1(=O)=O	http://pubchem.ncbi.nlm.nih.gov/summary/summary.cgi?cid=5280452		Positive	1.7	Feldene Package Insert									
potassium dichromate	Convulsants,GABA Modulators	potassium 3,3-dimethyl-7-oxo-6-[(2-phenylacetyl)amino]-4-thia-1-azabicyclo[3.2.0]heptane-2-carboxylate	CC1(C(N2C(S1)C(C2=O)NC(=O)CC3=CC=CC=C3)C(=O)[O-])C.[K+]	http://pubchem.ncbi.nlm.nih.gov/summary/summary.cgi?cid=8232		Positive											
Praziquantel	Anthelmintics	Not Found	C1CCC(CC1)C(=O)N2CC3C4=CC=CC=C4CCN3C(=O)C2	http://pubchem.ncbi.nlm.nih.gov/summary/summary.cgi?cid=4891		Negative	0.64	PMID:  3064952 (0.55), PMID: 11959616 (0.64)									
Prednisone	Glucocorticoids	(8S,9S,10S,13S,14S,17R)-17-hydroxy-17-(2-hydroxyacetyl)-10,13-dimethyl-6,7,8,9,12,14,15,16-octahydrocyclopenta[a]phenanthrene-3,11-dione	CC12CC(=O)C3C(C1CCC2(C(=O)CO)O)CCC4=CC(=O)C=CC34C	http://pubchem.ncbi.nlm.nih.gov/summary/summary.cgi?cid=5865		Negative	0.0245	The Journal of Clinical Pharmacology, 1988; 28:81-87									
Primaquine Phosphate	Antimalarials	N-(6-methoxyquinolin-8-yl)pentane-1,4-diamine	CC(CCCN)NC1=C2C(=CC(=C1)OC)C=CC=N2	http://pubchem.ncbi.nlm.nih.gov/summary/summary.cgi?cid=4908		Negative	0.28	15202566									
Primidone	Anticonvulsants	5-ethyl-5-phenyl-1,3-diazinane-4,6-dione	CCC1(C(=O)NCNC1=O)C2=CC=CC=C2	http://pubchem.ncbi.nlm.nih.gov/summary/summary.cgi?cid=4909		Negative	1.02	PMID 9688064									
Procarbazine HCl	Antineoplastic Agents	4-[(2-methylhydrazinyl)methyl]-N-propan-2-yl-benzamide	CC(C)NC(=O)C1=CC=C(C=C1)CNNC	http://pubchem.ncbi.nlm.nih.gov/summary/summary.cgi?cid=4915		Positive	0.692	16317293									
Progesterone	Antineoplastic Agents,Estradiol Antagonists,Progestins	[(9S,14S,17R)-17-acetyl-10,13-dimethyl-3-oxo-2,6,7,8,9,11,12,14,15,16-decahydro-1H-cyclopenta[a]phenanthren-17-yl] hexanoate	CCCCCC(=O)OC1(CCC2C1(CCC3C2CCC4=CC(=O)CCC34C)C)C(=O)C	http://pubchem.ncbi.nlm.nih.gov/summary/summary.cgi?cid=12419		Positive	0.0606	PROMETRIUM Package Insert									
Promazine HCl	Antiemetics,Antipsychotic Agents,Dopamine Antagonists	N,N-dimethyl-3-phenothiazin-10-yl-propan-1-amine	CN(C)CCCN1C2=CC=CC=C2SC3=CC=CC=C31	http://pubchem.ncbi.nlm.nih.gov/summary/summary.cgi?cid=4926		Negative	0.14	BioPharm. Drug Dispos. 11: 557-568 (1990)									
Promethazine HCl	Antipruritics,Histamine H1 Antagonists	N,N-dimethyl-1-phenothiazin-10-yl-propan-2-amine	CC(CN1C2=CC=CC=C2SC3=CC=CC=C31)N(C)C	http://pubchem.ncbi.nlm.nih.gov/summary/summary.cgi?cid=4927		Negative	0.0193	PMID: 10965395									
Propafenone HCl	Anti-arrhythmic					Negative	0.0002772	PMID 10699379, Cmax value was taken for (S)- enantiomer									
Propranolol	Antihypertensive Agents,Vasodilator Agents	1-naphthalen-1-yloxy-3-(propan-2-ylamino)propan-2-ol	CC(C)NCC(COC1=CC=CC2=CC=CC=C21)O	http://pubchem.ncbi.nlm.nih.gov/summary/summary.cgi?cid=4946		Negative	0.052	http://jpet.aspetjournals.org/cgi/content/abstract/265/2/681									
Pseudoephedrine HCl	Central Nervous System Stimulants,Bronchodilator Agents,Sympathomimetics,Vasoconstrictor Agents,Adrenergic Agents	(1R,2S)-2-methylamino-1-phenyl-propan-1-ol	CC(C(C1=CC=CC=C1)O)NC	http://pubchem.ncbi.nlm.nih.gov/summary/summary.cgi?cid=7028		Negative	0.26	J Clin Pharmacol 35:259-267 (1995), Cmax was for controlled released product									
puromycin	Protein Synthesis Inhibitors,Trypanocidal Agents	2-amino-N-[5-(6-dimethylaminopurin-9-yl)-4-hydroxy-2-(hydroxymethyl)oxolan-3-yl]-3-(4-methoxyphenyl)propanamide	CN(C)C1=NC=NC2=C1N=CN2C3C(C(C(O3)CO)NC(=O)C(CC4=CC=C(C=C4)OC)N)O	http://pubchem.ncbi.nlm.nih.gov/summary/summary.cgi?cid=4984		Positive											
Pyrazinamide	Antitubercular Agents	pyrazine-2-carboxamide	C1=CN=C(C=N1)C(=O)N	http://pubchem.ncbi.nlm.nih.gov/summary/summary.cgi?cid=1046		Positive	50.1	PMID: 3675682									
Pyridostigmine Bromide	Cholinesterase Inhibitors	(1-methylpyridin-5-yl) N,N-dimethylcarbamate	C[N+]1=CC=CC(=C1)OC(=O)N(C)C	http://pubchem.ncbi.nlm.nih.gov/summary/summary.cgi?cid=4991		Negative	0.06	PMID: 3524957									
Pyridoxine	Vitamin B Complex	4,5-bis(hydroxymethyl)-2-methyl-pyridin-3-ol	CC1=NC=C(C(=C1O)CO)CO	http://pubchem.ncbi.nlm.nih.gov/summary/summary.cgi?cid=1054		Negative	0.020564	PMID 12507972									
Pyrimethamine	Antimalarials,Antiprotozoal Agents,Folic Acid Antagonists	5-(4-chlorophenyl)-6-ethyl-pyrimidine-2,4-diamine	CCC1=C(C(=NC(=N1)N)N)C2=CC=C(C=C2)Cl	http://pubchem.ncbi.nlm.nih.gov/summary/summary.cgi?cid=4993		Positive	0.818	9740261									
Quinapril	Antihypertensive Agents	(3S)-2-[(2S)-2-[[(1S)-1-ethoxycarbonyl-3-phenyl-propyl]amino]propanoyl]-3,4-dihydro-1H-isoquinoline-3-carboxylic acid	CCOC(=O)C(CCC1=CC=CC=C1)NC(C)C(=O)N2CC3=CC=CC=C3CC2C(=O)O	http://pubchem.ncbi.nlm.nih.gov/summary/summary.cgi?cid=54892		Positive	0.579	Clin Pharm 41: 207-224 (2002)									
quinidine	Antimalarials,Enzyme Inhibitors,Muscarinic Antagonists	(5-ethenyl-1-azabicyclo[2.2.2]oct-7-yl)-(6-methoxyquinolin-4-yl)methanol; sulfuric acid	COC1=CC2=C(C=CN=C2C=C1)C(C3CC4CCN3CC4C=C)O.OS(=O)(=O)O	http://pubchem.ncbi.nlm.nih.gov/summary/summary.cgi?cid=11069		Positive	2.81	PMID: 9084454									
quinine	Antimalarials	(S)-[(5S,7S)-5-ethenyl-1-azabicyclo[2.2.2]oct-7-yl]-(6-methoxyquinolin-4-yl)methanol	COC1=CC2=C(C=CN=C2C=C1)C(C3CC4CCN3CC4C=C)O	http://pubchem.ncbi.nlm.nih.gov/summary/summary.cgi?cid=8549		Positive	3	8848817									
raloxifene	Estrogen Antagonists,Selective Estrogen Receptor Modulators,Bone Density Conservation Agents	[6-hydroxy-2-(4-hydroxyphenyl)benzothiophen-3-yl]-[4-[2-(1-piperidyl)ethoxy]phenyl]methanone	C1CCN(CC1)CCOC2=CC=C(C=C2)C(=O)C3=C(SC4=C3C=CC(=C4)O)C5=CC=C(C=C5)O	http://pubchem.ncbi.nlm.nih.gov/summary/summary.cgi?cid=5035		Negative	0.0005	10428318									
ranitidine	Histamine H2 Antagonists	(E)-N-[2-[[5-(dimethylaminomethyl)-2-furyl]methylsulfanyl]ethyl]-N'-methyl-2-nitro-ethene-1,1-diamine	CNC(=C[N+](=O)[O-])NCCSCC1=CC=C(O1)CN(C)C	http://pubchem.ncbi.nlm.nih.gov/summary/summary.cgi?cid=3001055		Negative	0.5	Zantac 300 PDR; listed Cmax was for 150 mg dose only									
Retinoic Acid	Antineoplastic Agents,Keratolytic Agents	(2E,4E,6E,8E)-3,7-dimethyl-9-(2,6,6-trimethyl-1-cyclohexenyl)nona-2,4,6,8-tetraenoic acid	CC1=C(C(CCC1)(C)C)C=CC(=CC=CC(=CC(=O)O)C)C	http://pubchem.ncbi.nlm.nih.gov/summary/summary.cgi?cid=444795		Positive	0.4	1774953 - 15 patients with acute promyelocytic leukemia									
Ribavirin	Antimetabolites,Antiviral Agents	1-[(2R,3R,4S,5R)-3,4-dihydroxy-5-(hydroxymethyl)oxolan-2-yl]-1,2,4-triazole-3-carboxamide	C1=NC(=NN1C2C(C(C(O2)CO)O)O)C(=O)N	http://pubchem.ncbi.nlm.nih.gov/summary/summary.cgi?cid=37542		Negative	0.638	10508023 - 400 mg oral dose given to 6 healthy volunteers									
Riluzole	Anesthetics,Anticonvulsants,Excitatory Amino Acid Antagonists,Neuroprotective Agents	6-(trifluoromethoxy)benzothiazol-2-amine	C1=CC2=C(C=C1OC(F)(F)F)SC(=N2)N	http://pubchem.ncbi.nlm.nih.gov/summary/summary.cgi?cid=5070		Positive	0.387	9549636 - 100 mg oral dose in 16 healthy male volunteers									
Risperidone	Serotonin Antagonists,Antipsychotic Agents,Dopamine Antagonists	3-[2-[4-(6-fluorobenzo[d]isoxazol-3-yl)-1-piperidyl]ethyl]-4-methyl-1,5-diazabicyclo[4.4.0]deca-3,5-dien-2-one	CC1=C(C(=O)N2CCCCC2=N1)CCN3CCC(CC3)C4=NOC5=C4C=CC(=C5)F	http://pubchem.ncbi.nlm.nih.gov/summary/summary.cgi?cid=5073		Positive	0.033	7530379 - 24 chronic schizophrenic patients receive single 4 mg oral dose									
Rosiglitazone	Fibrinolytic Agents,Hypoglycemic Agents,Vasodilator Agents	5-[[4-[2-(methyl-pyridin-2-yl-amino)ethoxy]phenyl]methyl]-1,3-thiazolidine-2,4-dione	CN(CCOC1=CC=C(C=C1)CC2C(=O)NC(=O)S2)C3=CC=CC=N3	http://pubchem.ncbi.nlm.nih.gov/summary/summary.cgi?cid=77999		Negative	0.373	12235921									
Sertraline	Antidepressive Agents,Serotonin Uptake Inhibitors	(1S,4S)-4-(3,4-dichlorophenyl)-N-methyl-1,2,3,4-tetrahydronaphthalen-1-amine	CNC1CCC(C2=CC=CC=C12)C3=CC(=C(C=C3)Cl)Cl	http://pubchem.ncbi.nlm.nih.gov/summary/summary.cgi?cid=68617		Negative	0.0245	12452737									
Simvastatin	Anticholesteremic Agents,Antilipemic Agents	[(1S,3R,7R,8S,8aS)-8-[2-[(2R,4R)-4-hydroxy-6-oxo-oxan-2-yl]ethyl]-3,7-dimethyl-1,2,3,7,8,8a-hexahydronaphthalen-1-yl] 2,2-dimethylbutanoate	CCC(C)(C)C(=O)OC1CC(C=C2C1C(C(C=C2)C)CCC3CC(CC(=O)O3)O)C	http://pubchem.ncbi.nlm.nih.gov/summary/summary.cgi?cid=54454		Negative	0.01	1613123									
Sorbitol	Cathartics,Indicators and Reagents,Sweetening Agents	(2R,3R,4R,5S)-hexane-1,2,3,4,5,6-hexol	C(C(C(C(C(CO)O)O)O)O)O	http://pubchem.ncbi.nlm.nih.gov/summary/summary.cgi?cid=5780		Negative											
Spironolactone	Aldosterone Antagonists,Diuretics	(7R,8R,9S,10R,13S,14S,17R)-7-acetylsulfanyl-10,13-dimethyl-spiro[2,6,7,8,9,11,12,14,15,16-decahydro-1H-cyclopenta[a]phenanthrene-17,5'-oxolane]-2',3-dione	CC(=O)SC1CC2=CC(=O)CCC2(C3C1C4CCC5(C4(CC3)C)CCC(=O)O5)C	http://pubchem.ncbi.nlm.nih.gov/summary/summary.cgi?cid=5833		Positive	0.08	Spironolactone Package Insert									
Stavudine	Antimetabolites,Reverse Transcriptase Inhibitors	1-[(2R,5R)-5-(hydroxymethyl)-2,5-dihydrofuran-2-yl]-5-methyl-pyrimidine-2,4-dione	CC1=CN(C(=O)NC1=O)C2C=CC(O2)CO	http://pubchem.ncbi.nlm.nih.gov/summary/summary.cgi?cid=18283		Positive	0.7764	15458772 - single oral 40 mg dose in 24 healthy male volunteers									
Streptomycin Sulfate	Protein Synthesis Inhibitors	2-[(1S,2R,3R,4S,5R,6R)-5-(diaminomethylideneamino)-2-[(2R,3S,4S,5S)-3-[(2S,3S,4S,5R,6S)-4,5-dihydroxy-6-(hydroxymethyl)-3-methylamino-oxan-2-yl]oxy-4-formyl-4-hydroxy-5-methyl-oxolan-2-yl]oxy-3,4,6-trihydroxy-cyclohexyl]guanidine	CC1C(C(C(O1)OC2C(C(C(C(C2O)O)N=C(N)N)O)N=C(N)N)OC3C(C(C(C(O3)CO)O)O)NC)(C=O)O	http://pubchem.ncbi.nlm.nih.gov/summary/summary.cgi?cid=19649		Negative	37.5	http://www.drugs.com/pdr/streptomycin_sulfate_injection.html, IM dose									
Sulfasalazine	Gastrointestinal Agents,Antirheumatic Agents	(3E)-6-oxo-3-[[4-(pyridin-2-ylsulfamoyl)phenyl]hydrazinylidene]cyclohexa-1,4-diene-1-carboxylic acid	C1=CC=NC(=C1)NS(=O)(=O)C2=CC=C(C=C2)NN=C3C=CC(=O)C(=C3)C(=O)O	http://pubchem.ncbi.nlm.nih.gov/summary/summary.cgi?cid=5353980		Positive	6	Azulfidine package insert									
Sulindac	Antineoplastic Agents,Cyclooxygenase Inhibitors	2-[(3E)-6-fluoro-2-methyl-3-[(4-methylsulfinylphenyl)methylidene]inden-1-yl]acetic acid	CC1=C(C2=C(C1=CC3=CC=C(C=C3)S(=O)C)C=CC(=C2)F)CC(=O)O	http://pubchem.ncbi.nlm.nih.gov/summary/summary.cgi?cid=1548887		Positive	11.4	PMID: 8366178									
Sumatriptan	Vasoconstrictor Agents,Serotonin Agonists	1-[3-(2-dimethylaminoethyl)-1H-indol-5-yl]-N-methyl-methanesulfonamide	CNS(=O)(=O)CC1=CC2=C(C=C1)NC=C2CCN(C)C	http://pubchem.ncbi.nlm.nih.gov/summary/summary.cgi?cid=5358		Negative	0.0784	10883409									
tacrine	Cholinesterase Inhibitors,Parasympathomimetics,Nootropic Agents	1,2,3,4-tetrahydroacridin-9-amine	C1CCC2=NC3=CC=CC=C3C(=C2C1)N	http://pubchem.ncbi.nlm.nih.gov/summary/summary.cgi?cid=1935		Negative	0.0158	7836549									
tamoxifen	Estrogen Antagonists,Selective Estrogen Receptor Modulators,Bone Density Conservation Agents	2-[4-[(Z)-1,2-diphenylbut-1-enyl]phenoxy]-N,N-dimethyl-ethanamine	CCC(=C(C1=CC=CC=C1)C2=CC=C(C=C2)OCCN(C)C)C3=CC=CC=C3	http://pubchem.ncbi.nlm.nih.gov/summary/summary.cgi?cid=2733526		Positive	0.06	PMID: 8740091									
telithromycin	Antibacterial					Positive	2.25	14973302									
telmisartan	Angiotensin II Type 1 Receptor Blockers	2-[4-[[4-methyl-6-(1-methylbenzoimidazol-2-yl)-2-propyl-benzoimidazol-1-yl]methyl]phenyl]benzoic acid	CCCC1=NC2=C(C=C(C=C2N1CC3=CC=C(C=C3)C4=CC=CC=C4C(=O)O)C5=NC6=CC=CC=C6N5C)C	http://pubchem.ncbi.nlm.nih.gov/summary/summary.cgi?cid=65999		Negative	0.438	11185635									
Temozolomide	Antitumor agent					Negative	5.2	10037179									
terfenadine	Histamine H1 Antagonists	4-[4-(hydroxy-diphenyl-methyl)-1-piperidyl]-1-(4-tert-butylphenyl)butan-1-ol	CC(C)(C)C1=CC=C(C=C1)C(CCCN2CCC(CC2)C(C3=CC=CC=C3)(C4=CC=CC=C4)O)O	http://pubchem.ncbi.nlm.nih.gov/summary/summary.cgi?cid=5405		Negative	0.5	PMID: 1564131									
Tetracaine HCl	Local anaesthetic					Negative											
tetracycline	Protein Synthesis Inhibitors	(2Z,4S,4aS,5aS,12aS)-2-(amino-hydroxy-methylidene)-4-dimethylamino-6,10,11,12a-tetrahydroxy-6-methyl-4,4a,5,5a-tetrahydrotetracene-1,3,12-trione	CC1(C2CC3C(C(=O)C(=C(N)O)C(=O)C3(C(=O)C2=C(C4=C1C=CC=C4O)O)O)N(C)C)O	http://pubchem.ncbi.nlm.nih.gov/summary/summary.cgi?cid=5497101		Positive	9.317	8556227									
thioacetamide	Carcinogen, non-drug					Positive											
Thioguanine	Antimetabolites					Positive	0.00969702	Alimentary Pharmacology & Therapeutics 2003 Jul 15;18(2):183-9, drug is also known as Tioguanine									
Thiothixene	Antipsychotic Agents,Dopamine Antagonists	(9Z)-N,N-dimethyl-9-[3-(4-methylpiperazin-1-yl)propylidene]thioxanthene-2-sulfonamide	CN1CCN(CC1)CCC=C2C3=CC=CC=C3SC4=C2C=C(C=C4)S(=O)(=O)N(C)C	http://pubchem.ncbi.nlm.nih.gov/summary/summary.cgi?cid=941651		Negative	0.0272	PMID:  9447478									
tianeptine	Analgesics	Not Found	CN1C2=CC=CC=C2C(C3=C(S1(=O)=O)C=C(C=C3)Cl)NCCCCCCC(=O)O	http://pubchem.ncbi.nlm.nih.gov/summary/summary.cgi?cid=68870		Positive	0.353	2010563 - 12 elderly patients receive 12.5 mg single oral dose									
Ticlopidine	Fibrinolytic Agents,Platelet Aggregation Inhibitors	3-[(2-chlorophenyl)methyl]-7-thia-3-azabicyclo[4.3.0]nona-8,10-diene	C1CN(CC2=C1SC=C2)CC3=CC=CC=C3Cl	http://pubchem.ncbi.nlm.nih.gov/summary/summary.cgi?cid=5472		Positive	2.13	8055680 - value via Prous									
Timolol Maleate	Antihypertensive Agents	1-[(4-morpholin-4-yl-1,2,5-thiadiazol-3-yl)oxy]-3-(tert-butylamino)propan-2-ol	CC(C)(C)NCC(COC1=NSN=C1N2CCOCC2)O	http://pubchem.ncbi.nlm.nih.gov/summary/summary.cgi?cid=5478		Positive	0.114	2864157 - value via Prous									
Tolmetin	Cyclooxygenase Inhibitors	2-[1-methyl-5-(4-methylbenzoyl)pyrrol-2-yl]acetic acid	CC1=CC=C(C=C1)C(=O)C2=CC=C(N2C)CC(=O)O	http://pubchem.ncbi.nlm.nih.gov/summary/summary.cgi?cid=5509		Positive	38.5	PMID: 3390998									
Tranylcypromine HCl	Antidepressive Agents,Monoamine Oxidase Inhibitors	(1R,2R)-2-phenylcyclopropan-1-amine	C1C(C1N)C2=CC=CC=C2	http://pubchem.ncbi.nlm.nih.gov/summary/summary.cgi?cid=19493		Negative	0.0638	1484108									
Trazodone HCl	Serotonin Uptake Inhibitors	8-[3-[4-(3-chlorophenyl)piperazin-1-yl]propyl]-1,7,8-triazabicyclo[4.3.0]nona-2,4,6-trien-9-one	C1CN(CCN1CCCN2C(=O)N3C=CC=CC3=N2)C4=CC(=CC=C4)Cl	http://pubchem.ncbi.nlm.nih.gov/summary/summary.cgi?cid=5533		Positive	1.88	1438031									
trifluoperazine	Antiemetics,Antipsychotic Agents,Dopamine Antagonists	10-[3-(4-methylpiperazin-1-yl)propyl]-2-(trifluoromethyl)phenothiazine	CN1CCN(CC1)CCCN2C3=CC=CC=C3SC4=C2C=C(C=C4)C(F)(F)F	http://pubchem.ncbi.nlm.nih.gov/summary/summary.cgi?cid=5566		Positive	0.00215	6707898 - 5 mg oral dose (single) administered to 24 healthy volunteers									
Trimethadione	Anticonvulsants	3,5,5-trimethyl-1,3-oxazolidine-2,4-dione	CC1(C(=O)N(C(=O)O1)C)C	http://pubchem.ncbi.nlm.nih.gov/summary/summary.cgi?cid=5576		Positive	6	J Pharm Dyn 7: 329-335 (1984)									
troglitazone	Antineoplastic Agents,Fibrinolytic Agents,Hypoglycemic Agents,Platelet Aggregation Inhibitors,Vasodilator Agents	5-[[4-[(6-hydroxy-2,5,7,8-tetramethyl-chroman-2-yl)methoxy]phenyl]methyl]-1,3-thiazolidine-2,4-dione	CC1=C(C(=C2CCC(OC2=C1C)(C)COC3=CC=C(C=C3)CC4C(=O)NC(=O)S4)C)O	http://pubchem.ncbi.nlm.nih.gov/summary/summary.cgi?cid=5591		Positive	2.82	PMID: 10471982; 9506006									
Trovafloxacin	Antimalarials,Antiprotozoal Agents,Folic Acid Antagonists	7-[(1S,5R)-6-amino-3-azabicyclo[3.1.0]hex-3-yl]-1-(2,4-difluorophenyl)-6-fluoro-4-oxo-1,8-naphthyridine-3-carboxylic acid; 5-(4-chlorophenyl)-6-ethyl-pyrimidine-2,4-diamine	CCC1=C(C(=NC(=N1)N)N)C2=CC=C(C=C2)Cl.C1C2C(C2N)CN1C3=C(C=C4C(=O)C(=CN(C4=N3)C5=C(C=C(C=C5)F)F)C(=O)O)F	http://pubchem.ncbi.nlm.nih.gov/summary/summary.cgi?cid=483952		Positive	2.09	PMID: 10991830 									
UK-A						Positive											
UK-B						Positive											
UK-C						Positive											
UK-D						Positive											
Ursodeoxycholic acid	Cholagogues and Choleretics	(4R)-4-[(3R,5S,7S,8S,9S,10S,13R,14S,17R)-3,7-dihydroxy-10,13-dimethyl-2,3,4,5,6,7,8,9,11,12,14,15,16,17-tetradecahydro-1H-cyclopenta[a]phenanthren-17-yl]pentanoic acid	CC(CCC(=O)O)C1CCC2C1(CCC3C2C(CC4C3(CCC(C4)O)C)O)C	http://pubchem.ncbi.nlm.nih.gov/summary/summary.cgi?cid=31401		Negative	4.63	15159320									
valsartan	Antihypertensive Agents	(2S)-3-methyl-2-[pentanoyl-[[4-[2-(2H-tetrazol-5-yl)phenyl]phenyl]methyl]amino]butanoic acid	CCCCC(=O)N(CC1=CC=C(C=C1)C2=CC=CC=C2C3=NNN=N3)C(C(C)C)C(=O)O	http://pubchem.ncbi.nlm.nih.gov/summary/summary.cgi?cid=60846		Negative	5.95	11837381 - 320 mg single oral dose - value via Prous									
Vancomycin	Antibacterial					Positive	55.1	PMID: 11128233, single IV dose infused over 1 hour									
Vidarabine	Antimetabolites,Antiviral Agents	(2R,3S,4S,5R)-2-(6-aminopurin-9-yl)-5-(hydroxymethyl)oxolane-3,4-diol	C1=NC2=C(C(=N1)N)N=CN2C3C(C(C(O3)CO)O)O	http://pubchem.ncbi.nlm.nih.gov/summary/summary.cgi?cid=21704		Negative											
Warfarin	Anticoagulants,Rodenticides	2-hydroxy-3-(3-oxo-1-phenyl-butyl)chromen-4-one	CC(=O)CC(C1=CC=CC=C1)C2=C(OC3=CC=CC=C3C2=O)O	http://pubchem.ncbi.nlm.nih.gov/summary/summary.cgi?cid=6691		Negative	1.5	11180023									
Zafirlukast	Leukotriene Antagonists	cyclopentyl N-[3-[[2-methoxy-4-[(2-methylphenyl)sulfonylcarbamoyl]phenyl]methyl]-1-methyl-indol-5-yl]carbamate	CC1=CC=CC=C1S(=O)(=O)NC(=O)C2=CC(=C(C=C2)CC3=CN(C4=C3C=C(C=C4)NC(=O)OC5CCCC5)C)OC	http://pubchem.ncbi.nlm.nih.gov/summary/summary.cgi?cid=5717		Positive	0.697	10751029									
Zalcitabine	Antimetabolites,Reverse Transcriptase Inhibitors	4-amino-1-[(2R,5S)-5-(hydroxymethyl)oxolan-2-yl]pyrimidin-2-one	C1CC(OC1CO)N2C=CC(=NC2=O)N	http://pubchem.ncbi.nlm.nih.gov/summary/summary.cgi?cid=24066		Negative	0.0125	PMID: 9597556									
Zidovudine	Antimetabolites,Reverse Transcriptase Inhibitors	1-[(2R,4S,5R)-4-azido-5-(hydroxymethyl)oxolan-2-yl]-5-methyl-pyrimidine-2,4-dione	CC1=CN(C(=O)NC1=O)C2CC(C(O2)CO)N=[N+]=[N-]	http://pubchem.ncbi.nlm.nih.gov/summary/summary.cgi?cid=35370		Positive	1.64	PMID: 10390227									
Zileuton	Lipoxygenase Inhibitors,Leukotriene Antagonists	1-(1-benzothiophen-2-ylethyl)-1-hydroxy-urea	CC(C1=CC2=CC=CC=C2S1)N(C(=O)N)O	http://pubchem.ncbi.nlm.nih.gov/summary/summary.cgi?cid=60490		Positive	3.1	9156372									
Zomepirac	Non-steroidal anti-inflammatory drug					Negative	2.4	PMID:  7067091									
