	smiles	cid
0	C[C@@](Cc1ccc(O)c(O)c1)(NN)C(=O)O	34359
1	Nc1c2c(nc3ccccc13)CCCC2	1935
2	CCOC(=O)[C@H](CCc1ccccc1)N[C@H]1CCCN2CCC[C@@H](C(=O)O)N2C1=O	56330
3	NS(=O)(=O)c1cc2c(cc1C(F)(F)F)NC(Cc1ccccc1)NS2(=O)=O	2315
4	CC[C@@]1(O)C(=O)OCc2c1cc1n(c2=O)Cc2cc3c(CN(C)C)c(O)ccc3nc2-1	60700
5	COc1ccc2cc(CCC(C)=O)ccc2c1	4409
6	Nc1ncn([C@H]2C[C@H](O)[C@@H](CO)O2)c(=O)n1	451668
7	CCCCc1nc(Cl)c(CO)n1Cc1ccc(-c2ccccc2-c2nn[nH]n2)cc1	3961
8	CCCCC(CC)COC(=O)CC(C(=O)OCC(CC)CCCC)S(=O)(=O)O	11339
9	CCOC(=O)[C@H](CCc1ccccc1)N[C@H]1CCc2ccccc2N(CC(=O)O)C1=O	5362124
10	NS(=O)(=O)c1cc2c(cc1Cl)NC(C1CC3C=CC1C3)NS2(=O)=O	2910
11	O=C(COc1ccc(Cl)cc1)N1CCN(Cc2ccc3c(c2)OCO3)CC1	3351
12	O=C1OCCN1N=Cc1ccc([N+](=O)[O-])o1	3435
13	CCC[C@@H]1C[C@@H](C(=O)N[C@H]([C@H](C)Cl)[C@H]2O[C@H](SC)[C@H](O)[C@@H](O)[C@H]2O)N(C)C1	446598
14	CO/N=C(\C(=O)N[C@@H]1C(=O)N2C(C(=O)O)=C(COC(N)=O)CS[C@H]12)c1ccco1	5361202
15	CCc1oc2ccccc2c1C(=O)c1cc(Br)c(O)c(Br)c1	2333
16	CC(C)NCC(O)c1ccc(O)c(O)c1	3779
17	CCCC(C)(COC(N)=O)COC(N)=O	4064
18	COc1cc2c(c(OC)c1OC)-c1ccc(OC)c(=O)cc1C(NC(C)=O)CC2	2833
19	N=c1nc(N2CCCCC2)cc(N)n1O	135743713
20	Cc1onc(-c2ccccc2)c1C(=O)N[C@@H]1C(=O)N2[C@@H](C(=O)O)C(C)(C)S[C@H]12	6196
21	CC[C@H](C)C(=O)O[C@H]1C[C@@H](C)C=C2C=C[C@H](C)[C@H](CC[C@@H]3C[C@@H](O)CC(=O)O3)[C@H]21	53232
22	Oc1c(Cl)cc(Cl)c(Cl)c1Cc1c(O)c(Cl)cc(Cl)c1Cl	3598
23	O=NN(CCCl)C(=O)NCCCl	2578
24	NCCCNCCSP(=O)(O)O	2141
25	CN1CCCN=C1/C=C/c1cccs1	708857
26	CC(O)(P(=O)(O)O)P(=O)(O)O	3305
27	O=C(O)C1=C/C(=N\Nc2ccc(S(=O)(=O)Nc3ccccn3)cc2)C=CC1=O	5339
28	CC(C)(CO)[C@@H](O)C(=O)NCCCO	131204
29	CC(=O)c1ccc2c(c1)N(CCCN1CCC(CCO)CC1)c1ccccc1S2	19675
30	COc1cc(NS(C)(=O)=O)ccc1Nc1c2ccccc2nc2ccccc12	2179
31	COc1c2occc2cc2ccc(=O)oc12	4114
32	C[C@H]1C[C@H]2[C@@H]3CCC4=CC(=O)C=C[C@]4(C)[C@@]3(F)[C@@H](O)C[C@]2(C)[C@@]1(O)C(=O)CCl	5311051
33	C[C@H]1CN(c2c(F)c(N)c3c(=O)c(C(=O)O)cn(C4CC4)c3c2F)C[C@@H](C)N1	60464
34	CC(C)[N+]1(C)[C@H]2CC[C@@H]1CC(OC(=O)C(CO)c1ccccc1)C2	657309
35	O=C(NCC1CCCCN1)c1cc(OCC(F)(F)F)ccc1OCC(F)(F)F	3356
36	COc1ccc([C@@H]2Sc3ccccc3N(CCN(C)C)C(=O)[C@@H]2OC(C)=O)cc1	39186
37	OCc1cc(C(O)CNCCCCCCOCCCCc2ccccc2)ccc1O	5152
38	NC(N)=NCCN1CCCCCCC1	3518
39	C[C@H](CS)C(=O)N1CCC[C@H]1C(=O)O	44093
40	Cc1cccc(CN2CCN(C(c3ccccc3)c3ccc(Cl)cc3)CC2)c1	4034
41	C=C1/C(=C\C=C2/CCC[C@@]3(C)[C@H]2CC[C@@H]3[C@H](C)CCCC(C)(C)O)C[C@@H](O)C[C@@H]1O	5280453
42	CC1CN(c2cc3c(cc2F)c(=O)c(C(=O)O)cn3-c2ccc(F)cc2F)CCN1	60021
43	CNNCc1ccc(C(=O)NC(C)C)cc1	4915
44	CC(=O)S[C@@H]1CC2=CC(=O)CC[C@]2(C)[C@H]2CC[C@@]3(C)[C@@H](CC[C@@]34CCC(=O)O4)[C@@H]21	5833
45	Cc1ccc(N(CC2=NCCN2)c2cccc(O)c2)cc1	5775
46	COc1ccccc1OCC(O)CO	3516
47	NNc1nncc2ccccc12	3637
48	NCC1CCC(C(=O)O)CC1	5526
49	COc1ccc(Cl)cc1C(=O)NCCc1ccc(S(=O)(=O)NC(=O)NC2CCCCC2)cc1	3488
50	CN(CCCl)CCCl	4033
51	S=c1nc[nH]c2nc[nH]c12	667490
52	COC(=O)C1=C(C)NC(C)=C(C(=O)O[C@@H]2CCCN(Cc3ccccc3)C2)[C@@H]1c1cccc([N+](=O)[O-])c1	656668
53	NC12CC3CC(CC(C3)C1)C2	2130
54	COc1cc(Br)c(C[N+]2(CCOCCC3CCC4CC3C4(C)C)CCOCC2)cc1OC	40704
55	CC(=O)Nc1ccc(O)cc1	1983
56	CC(=O)O[C@H]1C[C@@]2(C)[C@@H](C[C@@H](O)[C@H]3[C@@]4(C)CC[C@@H](O)[C@@H](C)[C@@H]4CC[C@@]32C)/C1=C(\CCC=C(C)C)C(=O)O	3000226
57	CC(C)(Sc1cc(C(C)(C)C)c(O)c(C(C)(C)C)c1)Sc1cc(C(C)(C)C)c(O)c(C(C)(C)C)c1	4912
58	CCc1oc2ccccc2c1C(=O)c1cc(I)c(O)c(I)c1	6237
59	COc1cccc2c1C(=O)c1c(O)c3c(c(O)c1C2=O)C[C@@](O)(C(C)=O)C[C@@H]3O[C@H]1C[C@H](N)[C@H](O)[C@H](C)O1	30323
60	NCC[C@H](O)C(=O)N[C@@H]1C[C@H](N)[C@@H](O[C@H]2O[C@H](CN)CC[C@H]2N)[C@H](O)[C@H]1O[C@H]1O[C@H](CO)[C@@H](O)[C@H](N)[C@H]1O	68682
61	CO/N=C(\C(=O)N[C@@H]1C(=O)N2C(C(=O)O)=C(CSc3nc(=O)c(=O)[nH]n3C)CS[C@H]12)c1csc(N)n1	5361919
62	CCCC(CCC)C(=O)O	3121
63	CCC1(C)CC(=O)NC1=O	3291
64	OCC(S)CS	3080
65	NC[C@@H]1O[C@H](O[C@@H]2[C@@H](CO)O[C@@H](O[C@@H]3[C@@H](O)[C@H](N)C[C@H](N)[C@H]3O[C@H]3O[C@H](CN)[C@@H](O)[C@H](O)[C@H]3N)[C@@H]2O)[C@H](N)[C@@H](O)[C@@H]1O	8378
66	CC(=O)Nc1c(I)c(NC(C)=O)c(I)c(C(=O)O)c1I	2140
67	Nc1[nH]c(=O)ncc1F	3366
68	CCc1c2c(nc3ccc(OC(=O)N4CCC(N5CCCCC5)CC4)cc13)-c1cc3c(c(=O)n1C2)COC(=O)[C@]3(O)CC	60838
69	CN(C)C(=N)N=C(N)N	4091
70	C[N+](C)(C)C[C@H](O)CC(=O)[O-]	10917
71	NC1CC1c1ccccc1	5530
72	CN[C@@H]1[C@H](O[C@H]2[C@H](O[C@@H]3[C@@H](N=C(N)N)[C@H](O)[C@@H](N=C(N)N)[C@H](O)[C@H]3O)O[C@@H](C)[C@]2(O)C=O)O[C@@H](CO)[C@H](O)[C@H]1O	19649
73	C[C@H](N)Cc1ccccc1	5826
74	COc1cc(C(=O)NS(=O)(=O)c2ccccc2C)ccc1Cc1cn(C)c2ccc(NC(=O)OC3CCCC3)cc12	5717
75	NNCCc1ccccc1	3675
76	CC(=O)O[C@H]1C[C@@H]2CC[C@@H]3[C@H](CC[C@@]4(C)[C@H]3C[C@H]([N+]3(C)CCCCC3)[C@@H]4OC(C)=O)[C@@]2(C)C[C@@H]1[N+]1(C)CCCCC1	441289
77	O=C(O)c1ccccc1O	338
78	CN1C[C@H](C(=O)N[C@]2(C)O[C@@]3(O)[C@@H]4CCCN4C(=O)[C@H](Cc4ccccc4)N3C2=O)C[C@@H]2c3cccc4[nH]cc(c34)C[C@H]21	10531
79	CC(=O)N[C@@H](CS)C(=O)O	12035
80	CN[C@@H](C)[C@H](O)c1ccccc1	9294
81	Cn1cnc2c1c(=O)[nH]c(=O)n2C	5429
82	C1COC(NC(C2CC2)C2CC2)=N1	68712
83	Nc1ccn([C@@H]2CS[C@H](CO)O2)c(=O)n1	60825
84	OC[C@H](O)[C@@H](O)[C@H](O)[C@H](O)CO	5780
85	O=C1c2c(O)ccc(O)c2C(=O)c2c(NCCNCCO)ccc(NCCNCCO)c21	4212
86	CN(C)N/N=C1\N=CN=C1C(N)=O	2942
87	Cc1onc(-c2c(F)cccc2Cl)c1C(=O)N[C@@H]1C(=O)N2[C@@H](C(=O)O)C(C)(C)S[C@H]12	21319
88	O=C(O)[C@H](S)[C@H](S)C(=O)O	2724354
89	Cc1onc(-c2ccccc2Cl)c1C(=O)N[C@@H]1C(=O)N2[C@@H](C(=O)O)C(C)(C)S[C@H]12	6098
90	CCOC(=O)[C@H](CCc1ccccc1)N[C@@H](C)C(=O)N1[C@H](C(=O)O)C[C@H]2CCCC[C@@H]21	5484727
91	CCCC1O[C@@H]2C[C@H]3[C@@H]4CCC5=CC(=O)C=C[C@]5(C)[C@H]4[C@@H](O)C[C@]3(C)[C@]2(C(=O)CO)O1	5281004
92	Nc1ccc(C(=O)NCC(=O)O)cc1	2148
93	Cn1c(=O)c2c(ncn2C)n(C)c1=O	2519
94	FC(F)(F)C(Cl)Br	3562
95	C[C@]12CC[C@@H]3c4ccc(OC(=O)N(CCCl)CCCl)cc4CC[C@H]3[C@@H]1CC[C@@H]2O	259331
96	O=c1[nH]c2ccccc2n1CCCN1CCC(n2c(=O)[nH]c3cc(Cl)ccc32)CC1	3151
97	COc1ccc(CCN(C)CCCC(C#N)(c2ccc(OC)c(OC)c2)C(C)C)cc1OC	2520
98	Clc1ccc(CSC(Cn2ccnc2)c2ccc(Cl)cc2Cl)cc1	5318
99	CN[C@@H](C)[C@@H](O)c1ccccc1	7028
100	O=C(Nc1cccc2c(=O)cc(-c3nn[nH]n3)oc12)c1ccc(OCCCCc2ccccc2)cc1	4887
101	CNC[C@H](O)c1cccc(O)c1	6041
102	CNC(C)C1CCC(N)C(OC2C(N)CC(N)C(OC3OCC(C)(O)C(NC)C3O)C2O)O1	3467
103	CCN[C@@H]1C[C@H](N)[C@@H](O[C@H]2OC(CN)=CC[C@H]2N)[C@H](O)[C@H]1O[C@H]1OC[C@](C)(O)[C@H](NC)[C@H]1O	441306
104	O=C1NCN(c2ccccc2)C12CCN(CCCC(c1ccc(F)cc1)c1ccc(F)cc1)CC2	3396
105	CN(C)[C@@H]1C(=O)C(C(N)=O)=C(O)[C@@]2(O)C(=O)C3=C(O)c4c(O)cccc4[C@@](C)(O)[C@H]3[C@H](O)[C@@H]12	54675779
106	Nc1nc(=O)c2c([nH]1)NCC(CNc1ccc(C(=O)N[C@@H](CCC(=O)O)C(=O)O)cc1)N2C=O	135403648
107	CCOc1ccc(NC(C)=O)cc1	4754
108	NC[C@H]1O[C@H](O[C@@H]2[C@@H](N)C[C@@H](N)[C@H](O[C@H]3O[C@H](CO)[C@@H](O)[C@H](N)[C@H]3O)[C@H]2O)[C@H](N)C[C@@H]1O	36294
109	CCOC(=O)OC(C)OC(=O)[C@@H]1N2C(=O)[C@@H](NC(=O)[C@H](N)c3ccccc3)[C@H]2SC1(C)C	441397
110	CN(C)[C@@H]1C(=O)C(C(N)=O)=C(O)[C@@]2(O)C(=O)C3=C(O)c4c(O)ccc(Cl)c4[C@@H](O)[C@H]3C[C@@H]12	54680690
111	CC(=O)Oc1ccccc1C(=O)O	2244
112	Cc1ccc(C(=O)Oc2ccc(C(O)CNC(C)(C)C)cc2OC(=O)c2ccc(C)cc2)cc1	35330
113	CCCc1cc(=O)[nH]c(=S)[nH]1	657298
114	CC(=O)OCC[N+](C)(C)C	187
115	CC(c1cc2ccccc2s1)N(O)C(N)=O	60490
116	NC(N)=NC(=O)c1nc(Cl)c(N)nc1N	16231
117	Cc1ccc(-c2nc3ccc(C)cn3c2CC(=O)N(C)C)cc1	5732
118	CCCSc1ccc2nc(NC(=O)OC)[nH]c2c1	2082
119	CN1CCN2c3ncccc3Cc3ccccc3C2C1	4205
120	Cc1ncc(C[n+]2csc(CCO)c2C)c(N)n1	1130
121	CC(C)NCC(O)COc1ccc(CC(N)=O)cc1	2249
122	OC(Cn1cncn1)(Cn1cncn1)c1ccc(F)cc1F	3365
123	Cc1cn([C@H]2C[C@H](N=[N+]=[N-])[C@@H](CO)O2)c(=O)[nH]c1=O	35370
124	OCC(CO)N[C@H]1C[C@](O)(CO)[C@@H](O)[C@H](O)[C@H]1O	444020
125	COCCc1ccc(OCC(O)CNC(C)C)cc1	4171
126	CC(Cc1ccc(O)cc1)NCC(O)c1cc(O)cc(O)c1	3343
127	CN1[C@H]2CC(OC(=O)[C@H](CO)c3ccccc3)C[C@@H]1[C@H]1O[C@@H]21	3000322
128	CC(C(=O)O)c1ccc2oc(-c3ccc(Cl)cc3)nc2c1	39941
129	CC(CCc1ccc(O)cc1)NCCc1ccc(O)c(O)c1	36811
130	C[C@H](COc1ccccc1)N[C@H](C)[C@@H](O)c1ccc(O)cc1	11779629
131	CN1C(=O)CC(=O)N(c2ccccc2)c2cc(Cl)ccc21	2789
132	CC(=O)CC(c1ccccc1)c1c(O)c2ccccc2oc1=O	54678486
133	CC1=C(/C=C/C(C)=C/C=C/C(C)=C\C(=O)O)C(C)(C)CCC1	5282379
134	CCCCC1C(=O)N(c2ccccc2)N(c2ccccc2)C1=O	4781
135	CNCCC=C1c2ccccc2CCc2ccccc21	4543
136	CC(=O)OCC(CCn1cnc2cnc(N)nc21)COC(C)=O	3324
137	Nc1nnc(-c2cccc(Cl)c2Cl)c(N)n1	3878
138	O=C1Nc2ccc(Cl)cc2C(c2ccccc2Cl)=NC1O	3958
139	Cc1ccc(C(=O)c2ccc(CC(=O)O)n2C)cc1	5509
140	CN(C)CC[C@@H](c1ccc(Br)cc1)c1ccccn1	16960
141	NC[C@@H]1O[C@H](O[C@@H]2[C@@H](CO)O[C@@H](O[C@@H]3[C@@H](O)[C@H](N)C[C@H](N)[C@H]3O[C@H]3O[C@H](CO)[C@@H](O)[C@H](O)[C@H]3N)[C@@H]2O)[C@H](N)[C@@H](O)[C@@H]1O	165580
142	CN(C)CCCN1c2ccccc2Sc2ccc(Cl)cc21	2726
143	CC(C)NCC(O)COc1cccc2ccccc12	4946
144	O=C1Nc2ccccc2C1(c1ccc(O)cc1)c1ccc(O)cc1	31315
145	COc1cc(NC(C)CCCN)c2ncccc2c1	4908
146	CC(=O)[C@H]1CC[C@H]2[C@@H]3CCC4=CC(=O)CC[C@]4(C)[C@H]3CC[C@]12C	5994
147	CN1C(=O)CN=C(c2ccccc2F)c2cc([N+](=O)[O-])ccc21	3380
148	O=P1(N(CCCl)CCCl)NCCCO1	2907
149	Nc1ccn([C@@H]2O[C@H](CO)[C@@H](O)C2(F)F)c(=O)n1	60750
150	OC(CCN1CCCCC1)(c1ccccc1)C1CC2C=CC1C2	2381
151	CNCCC(Oc1ccc(C(F)(F)F)cc1)c1ccccc1	3386
152	COC(=O)[C@H](c1ccccc1Cl)N1CCc2sccc2C1	60606
153	CN=C1CN(O)C(c2ccccc2)=c2cc(Cl)ccc2=N1	2712
154	C#C[C@]1(O)CC[C@H]2[C@@H]3CCC4=CC(=O)CC[C@@H]4[C@H]3CC[C@@]21C	6230
155	CN1C2CCC1CC(OC(=O)C(O)c1ccccc1)C2	3623
156	Cn1cnc([N+](=O)[O-])c1Sc1ncnc2nc[nH]c12	2265
157	C[C@]12CC[C@H]3[C@@H](CCC4=CC(=O)CC[C@@]43C)[C@@H]1CC[C@@H]2O	6013
158	COc1ccc(C(CN(C)C)C2(O)CCCCC2)cc1	5656
159	Cc1ccc(/C(=C\CN2CCCC2)c2ccccn2)cc1	5282443
160	O=C1Nc2ccc(Cl)cc2C(c2ccccc2)=NC1O	4616
161	Nc1nc(Cl)nc2c1ncn2[C@H]1C[C@H](O)[C@@H](CO)O1	20279
162	CC(C)=CCN1CC[C@@]2(C)c3cc(O)ccc3C[C@@H]1[C@@H]2C	441278
163	CN1CC[C@]23c4c5ccc(O)c4O[C@H]2[C@@H](O)C=C[C@H]3[C@H]1C5	5288826
164	CC(=O)Oc1cc(C(C)C)c(OCCN(C)C)cc1C	4260
165	Nc1nc(F)nc2c1ncn2[C@@H]1O[C@H](CO)[C@@H](O)[C@@H]1O	657237
166	OC1(c2ccc(Cl)cc2)c2ccccc2C2=NCCN21	4020
167	O=C(O)COc1nn(Cc2ccccc2)c2ccccc12	2313
168	CN(C)CC/C=C1/c2ccccc2COc2ccccc21	667468
169	CCCCN1CCCCC1C(=O)Nc1c(C)cccc1C	2474
170	COc1ccc2c3c1O[C@H]1[C@@H](O)C=C[C@H]4[C@@H](C2)N(C)CC[C@]314	5284371
171	CN1C(=O)CN=C(C2=CCCCC2)c2cc(Cl)ccc21	25215
172	CN1[C@H]2CC[C@@H]1CC(OC(=O)C(CO)c1ccccc1)C2	174174
173	CN(C)CCN(Cc1cccs1)c1ccccn1	4098
174	CCCCNC(=O)NS(=O)(=O)c1ccc(C)cc1	5505
175	CN(C)CCOC(C)(c1ccccc1)c1ccccn1	3162
176	C#C[C@]1(O)CC[C@H]2[C@@H]3CCc4cc(O)ccc4[C@H]3CC[C@@]21C	5991
177	CNS(=O)(=O)Cc1ccc2[nH]cc(CCN(C)C)c2c1	5358
178	COC(=O)CCc1ccc(OCC(O)CNC(C)C)cc1	59768
179	CC(C)NCC(O)c1ccc(NS(C)(=O)=O)cc1	5253
180	COC(=O)Nc1nc2ccc(C(=O)c3ccccc3)cc2[nH]1	4030
181	CC(C)(C#N)c1cc(Cn2cncn2)cc(C(C)(C)C#N)c1	2187
182	Cc1nccn1CC1CCc2c(c3ccccc3n2C)C1=O	4595
183	CN1C(=O)CCS(=O)(=O)C1c1ccc(Cl)cc1	2717
184	CC(C)(C)NC[C@H](O)COc1ccccc1C1CCCC1	37464
185	ClC1C(Cl)C(Cl)C(Cl)C(Cl)C1Cl	727
186	C[C@]12CC[C@@H]3[C@H]4CCC(=O)C=C4CC[C@H]3[C@@H]1CC[C@@H]2O	9904
187	COc1cc(Cc2cnc(N)nc2N)cc(OC)c1OC	5578
188	CC(C)(Oc1ccc(C2CC2(Cl)Cl)cc1)C(=O)O	2763
189	c1ccc2c(c1)Sc1ccccc1N2CC1CN2CCC1CC2	4066
190	C=C[C@H]1CN2CC[C@H]1C[C@H]2[C@H](O)c1ccnc2ccc(OC)cc12	3034034
191	C=C[C@H]1CN2CC[C@H]1C[C@@H]2[C@@H](O)c1ccnc2ccc(OC)cc12	441074
192	CC/C(=C(\c1ccccc1)c1ccc(OCCN(C)C)cc1)c1ccccc1	2733526
193	O=C(NC(Cc1cc(=O)[nH]c2ccccc12)C(=O)O)c1ccc(Cl)cc1	5042
194	CSc1ccc2c(c1)N(CCC1CCCCN1C)c1ccccc1S2	5452
195	CCN1CCCC1CNC(=O)c1cc(S(=O)(=O)CC)c(N)cc1OC	2159
196	Cc1c(OCC(F)(F)F)ccnc1CS(=O)c1nc2ccccc2[nH]1	3883
197	CC(=O)Oc1cccc2c1C(=O)c1c(OC(C)=O)cc(C(=O)O)cc1C2=O	26248
198	O=C1C(=O)c2ccccc2C(O)=C1C1CCC(c2ccc(Cl)cc2)CC1	74989
199	CC1(C)S[C@@H]2[C@H](NC(=O)[C@H](N)c3ccc(O)cc3)C(=O)N2[C@H]1C(=O)O	33613
200	NC(=O)[C@@H]1CCCN1C(=O)[C@H](Cc1cnc[nH]1)NC(=O)[C@@H]1CCC(=O)N1	638678
201	CC(C)(Oc1ccc(CCNC(=O)c2ccc(Cl)cc2)cc1)C(=O)O	39042
202	CC1COc2c(N3CCN(C)CC3)c(F)cc3c(=O)c(C(=O)O)cn1c23	4583
203	CC(C)OC(=O)C(C)(C)Oc1ccc(C(=O)c2ccc(Cl)cc2)cc1	3339
204	NC(=O)c1ncn([C@@H]2O[C@H](CO)[C@@H](O)[C@H]2O)n1	37542
205	COc1ccc2c(C(=O)c3ccc(Cl)cc3)c(C)n(CC(=O)O)c2c1	33176
206	CCOC(=O)c1cncn1[C@H](C)c1ccccc1	667484
207	CCCCCCC(C)(C)c1cc(O)c2c(c1)OC(C)(C)[C@@H]1CCC(=O)C[C@@H]21	5284592
208	O=P(O)(O)C(Cl)(Cl)P(=O)(O)O	25419
209	O=C(OCC(O)CO)c1ccccc1Nc1ccnc2cc(Cl)ccc12	3474
210	C[C@@H](Cc1ccccc1)N(C)Cc1ccccc1	5311017
211	O=P(O)(O)OC(Cn1cncn1)(Cn1cncn1)c1ccc(F)cc1F	214356
212	CCCCCCCN(CC)CCCC(O)c1ccc(NS(C)(=O)=O)cc1	60753
213	COC(=O)C(c1ccccc1)C1CCCCN1	4158
214	O=NN(CCCl)C(=O)NC1CCCCC1	3950
215	C[C@@H](O)[C@H]1C(=O)N2C(C(=O)O)=C(S[C@@H]3CN[C@H](C(=O)N(C)C)C3)[C@H](C)[C@H]12	441130
216	Nc1nc2ccc(OC(F)(F)F)cc2s1	5070
217	CO/N=C(\C(=O)N[C@@H]1C(=O)N2C(C(=O)O)=CCS[C@H]12)c1csc(N)n1	5361848
218	CCN(CC)CCNC(=O)c1ccc(N)cc1	4913
219	O=[N+]([O-])O[C@H]1CO[C@H]2[C@@H]1OC[C@H]2O[N+](=O)[O-]	6883
220	NS(=O)(=O)c1cc2c(cc1Cl)NC(C(Cl)Cl)NS2(=O)=O	5560
221	COc1cccc(OC)c1C(=O)N[C@@H]1C(=O)N2[C@@H](C(=O)O)C(C)(C)S[C@H]12	6087
222	CCN(CC)C(=O)Nc1ccc(OCC(O)CNC(C)(C)C)c(C(C)=O)c1	2663
223	CC1(C)S[C@@H]2[C@H](NC(=O)C(C(=O)O)c3ccccc3)C(=O)N2[C@H]1C(=O)O	20824
224	CC(=O)N=c1sc(S(N)(=O)=O)nn1C	4100
225	CCOC(=O)[C@H](CCc1ccccc1)N[C@@H](C)C(=O)N1CCC[C@H]1C(=O)O	5388962
226	CC(NC(C)(C)C)C(=O)c1cccc(Cl)c1	444
227	CCN(CC)CCNc1ccc(CO)c2sc3ccccc3c(=O)c12	3634
228	CC1=C(CC(=O)O)c2cc(F)ccc2/C1=C\c1ccc(S(C)=O)cc1	1548887
229	O=C(CCBr)N1CCN(C(=O)CCBr)CC1	4842
230	CC1(C)S[C@@H]2[C@H](NC(=O)Cc3ccccc3)C(=O)N2[C@H]1C(=O)O	5904
231	O=C(O)c1cc(-c2ccccc2)nc2ccccc12	8593
232	C[C@]12C/C(=C/O)C(=O)C[C@@H]1CC[C@@H]1[C@@H]2CC[C@@]2(C)[C@H]1CC[C@]2(C)O	5281034
233	NS(=O)(=O)c1cc(C(=O)O)c(NCc2ccco2)cc1Cl	3440
234	Nc1ccc(S(=O)(=O)Nc2ncccn2)cc1	5215
235	O=c1[nH]cc(N(CCCl)CCCl)c(=O)[nH]1	6194
236	COc1ccc2c(c1)N(C[C@H](C)CN(C)C)c1ccccc1S2	72287
237	CN1CCN(C2=Nc3ccccc3Oc3ccc(Cl)cc32)CC1	3964
238	Oc1ccc2c(c1)[C@]13CCCC[C@@]1(O)[C@H](C2)N(CC1CCC1)CC3	6916249
239	C=CCN1CC[C@]23c4c5ccc(O)c4O[C@H]2C(=O)CC[C@@]3(O)[C@H]1C5	5284596
240	COc1ccc(/C=C/C(=O)Nc2ccccc2C(=O)O)cc1OC	5282230
241	CN1CCN(C2=c3ccccc3=Nc3ccc(Cl)cc3N2)CC1	135398737
242	Nc1ccc(S(=O)(=O)Nc2nccs2)cc1	5340
243	CC(C)NCC(O)COc1ccc(COCCOC(C)C)cc1	2405
244	C[C@@H](CO)NC(=O)[C@@H]1C=C2c3cccc4[nH]cc(c34)C[C@H]2N(C)C1	443884
245	CN1C(=O)C(O)N=C(c2ccccc2Cl)c2cc(Cl)ccc21	13314
246	Cc1cc(NC(=O)C2=C(O)c3ccccc3S(=O)(=O)N2C)no1	54677972
247	CCC(=O)N(c1ccccc1)C1CCN(CCc2ccccc2)CC1	3345
248	CCCCCCCCNC(C)C(O)c1ccc(SC(C)C)cc1	5354
249	Oc1c(Cl)cc(Cl)cc1Sc1cc(Cl)cc(Cl)c1O	2406
250	CCOC(=O)C1(c2ccccc2)CCN(CCc2ccc(N)cc2)CC1	8944
251	CC1(C)S[C@@H]2[C@H](NC(=O)COc3ccccc3)C(=O)N2[C@H]1C(=O)O	6869
252	CC(N=C(NC#N)Nc1ccncc1)C(C)(C)C	4826
253	CC1(C)S[C@@H]2[C@H](NC(=O)[C@H](N)c3ccccc3)C(=O)N2[C@H]1C(=O)O	6249
254	CS(=O)(=O)OCCCCOS(C)(=O)=O	2478
255	CC[N+](C)(CC)CCOC(=O)C(O)(c1ccccc1)C1CCCCC1	5749
256	CCN(CC)CCN1C(=O)CN=C(c2ccccc2F)c2cc(Cl)ccc21	3393
257	CCOC(=O)C1(c2ccccc2)CCN(C)CC1	4058
258	CCCNCC(O)COc1ccccc1C(=O)CCc1ccccc1	4932
259	O=C1CC[C@@]2(O)[C@H]3Cc4ccc(O)c5c4[C@@]2(CCN3CC2CC2)[C@H]1O5	5360515
260	C[N+]1(C)CCCC(OC(=O)C(O)(c2ccccc2)c2ccccc2)C1	4057
261	CCC(=O)O[C@](Cc1ccccc1)(c1ccccc1)[C@H](C)CN(C)C	10100
262	COc1ccc(Cc2nccc3cc(OC)c(OC)cc23)cc1OC	4680
263	CCc1nc(N)nc(N)c1-c1ccc(Cl)cc1	4993
264	NS(=O)(=O)c1cc(C2(O)NC(=O)c3ccccc32)ccc1Cl	2732
265	CC(=O)O[C@H]1C(=O)[C@]2(C)[C@@H](O)C[C@H]3OC[C@@]3(OC(C)=O)[C@H]2[C@H](OC(=O)c2ccccc2)[C@]2(O)C[C@H](OC(=O)[C@H](O)[C@@H](NC(=O)c3ccccc3)c3ccccc3)C(C)=C1C2(C)C	36314
266	NC(=O)NO	3657
267	N[C@@H](Cc1cc(I)c(Oc2ccc(O)c(I)c2)c(I)c1)C(=O)O	5920
268	CC(=O)Oc1ccc(C(c2ccc(OC(C)=O)cc2)c2ccccn2)cc1	2391
269	CCOC(=O)C1=C(C)NC(C)=C(C(=O)OC)C1c1cccc([N+](=O)[O-])c1	4507
270	COc1ccc2c(c1)c(CC(=O)O)c(C)n2C(=O)c1ccc(Cl)cc1	3715
271	CCN(CC)CC#CCOC(=O)C(O)(c1ccccc1)C1CCCCC1	4634
272	COc1ccc2c(C(=S)N(C)CC(=O)O)cccc2c1C(F)(F)F	53359
273	CCOC(=O)C=C(C)C=CC=C(C)C=Cc1c(C)cc(OC)c(C)c1C	3312
274	O=c1[nH]c(=O)n([C@H]2C[C@H](O)[C@@H](CO)O2)cc1I	5905
275	CCC(CO)NC(=O)[C@@H]1C=C2c3cccc4c3c(cn4C)C[C@H]2N(C)C1	6540428
276	CC(=O)CC(c1ccc([N+](=O)[O-])cc1)c1c(O)c2ccccc2oc1=O	54676537
277	O=C1NC(c2ccccc2)(c2ccccc2)C(=O)N1COP(=O)(O)O	56339
278	COC1=CC(=O)C[C@@H](C)[C@]12Oc1c(Cl)c(OC)cc(OC)c1C2=O	441140
279	CC1=C(C(=O)O)N2C(=O)[C@@H](NC(=O)[C@H](N)C3=CCC=CC3)[C@H]2SC1	38103
280	CC1=C(C(=O)O)N2C(=O)[C@@H](NC(=O)[C@H](N)c3ccccc3)[C@H]2SC1	27447
281	N=C(N)c1ccc2cc(OC(=O)c3ccc(N=C(N)N)cc3)ccc2c1	4413
282	COc1ccc2nc(S(=O)Cc3ncc(C)c(OC)c3C)[nH]c2c1	4594
283	Clc1ccccc1C(c1ccccc1)(c1ccccc1)n1ccnc1	2812
284	CN1CCC[C@@H]1CCO[C@](C)(c1ccccc1)c1ccc(Cl)cc1	26987
285	CCc1cc2c(s1)-n1c(C)nnc1CN=C2c1ccccc1Cl	3307
286	C#C[C@]1(OC(C)=O)CC[C@H]2[C@@H]3CCC4=CC(=O)CC[C@@H]4[C@H]3CC[C@@]21C	5832
287	N=C(N)c1ccc(OCCCCCOc2ccc(C(=N)N)cc2)cc1	4735
288	N[C@@H](C(=O)N[C@@H]1C(=O)N2C(C(=O)O)=C(Cl)CC[C@H]12)c1ccccc1	5284585
289	CC(C)N(CCC(C(N)=O)(c1ccccc1)c1ccccn1)C(C)C	3114
290	O=C1O[Bi]Oc2ccccc21	16682735
291	CC1Cc2ccccc2N1NC(=O)c1ccc(Cl)c(S(N)(=O)=O)c1	3702
292	CC1(C)S[C@@H]2[C@H](NC(=O)[C@H](C(=O)O)c3ccsc3)C(=O)N2[C@H]1C(=O)O	36921
293	CCOC(=O)C1=C(C)NC(C)=C(C(=O)OC)C1c1cccc(Cl)c1Cl	3333
294	COc1cc2nc(N3CCN(C(=O)c4ccco4)CC3)nc(N)c2cc1OC	4893
295	CCOC(=O)N1CCC(=C2c3ccc(Cl)cc3CCc3cccnc32)CC1	3957
296	Clc1ccc(COC(Cn2ccnc2)c2ccc(Cl)cc2Cl)cc1	3198
297	C[C@]12C[C@H](O)[C@@]3(F)[C@@H](CCC4=CC(=O)CC[C@@]43C)[C@@H]1CC[C@]2(O)C(=O)CO	31378
298	O=C(CCCN1CC=C(n2c(=O)[nH]c3ccccc32)CC1)c1ccc(F)cc1	3168
299	CCN1CC(CCN2CCOCC2)C(c2ccccc2)(c2ccccc2)C1=O	3156
300	OC(c1cc(C(F)(F)F)nc2c(C(F)(F)F)cccc12)C1CCCCN1	4046
301	CC1=C(C(=O)O)N2C(=O)[C@@H](NC(=O)[C@H](N)c3ccc(O)cc3)[C@H]2SC1	47965
302	Nc1c(Br)cc(Br)cc1CNC1CCC(O)CC1	2132
303	O=C(CCCN1CCC(O)(c2ccc(Cl)cc2)CC1)c1ccc(F)cc1	3559
304	CC(=O)[C@@]1(O)CC[C@H]2[C@@H]3C=C(Cl)C4=CC(=O)[C@@H]5C[C@@H]5[C@]4(C)[C@H]3CC[C@@]21C	5284537
305	C[C@H]1C[C@H]2[C@@H]3CC[C@](O)(C(=O)CO)[C@@]3(C)C[C@H](O)[C@@H]2[C@@]2(C)C=CC(=O)C=C12	6741
306	CN1CCN(CCCN2c3ccccc3Sc3ccc(Cl)cc32)CC1	4917
307	O=C(O)CCCCCC[NH2+]C1c2ccccc2CCc2ccccc21	5255827
308	CC(C)(C)NC(=O)[C@H]1CC[C@H]2[C@@H]3CC[C@H]4NC(=O)C=C[C@]4(C)[C@H]3CC[C@]12C	57363
309	CC(C)[N+](C)(CCOC(=O)C1c2ccccc2Oc2ccccc21)C(C)C	4934
310	CC(C)COCC(CN(Cc1ccccc1)c1ccccc1)N1CCCC1	2351
311	Cc1ccccc1N1C(=O)c2cc(S(N)(=O)=O)c(Cl)cc2NC1C	4170
312	Cc1cc2nc3c(=O)[nH]c(=O)nc-3n(C[C@H](O)[C@H](O)[C@H](O)CO)c2cc1C	493570
313	CC[C@@H](CO)NC(=O)[C@@H]1C=C2c3cccc4[nH]cc(c34)C[C@H]2N(C)C1	8226
314	CN1C(C(=O)Nc2ccccn2)=C(O)c2sccc2S1(=O)=O	54677971
315	O=c1oc2ccccc2c(O)c1Cc1c(O)c2ccccc2oc1=O	54676038
316	C#CC1(O)CCC2C3CCC4=CC(=O)CCC4C3CCC21CC	4542
317	C#C[C@]1(O)CC[C@H]2[C@@H]3CCC4=CC(=O)CC[C@@H]4[C@H]3CC[C@@]21CC	13109
318	CN1[C@H]2CCC[C@@H]1CC(NC(=O)c1nn(C)c3ccccc13)C2	5284566
319	C#C[C@]1(O)CC[C@H]2[C@@H]3CCC4=CCCC[C@@H]4[C@H]3C(=C)C[C@@]21CC	40973
320	CCN(CC)CCOC(=O)C1(C2CCCCC2)CCCCC1	3042
321	CCC(=O)C(CC(C)N(C)C)(c1ccccc1)c1ccccc1	4095
322	CN1CCC(=C2c3ccccc3CC(=O)c3sccc32)CC1	3827
323	CC(C)(C)NCC(O)COc1cccc2c1C[C@H](O)[C@H](O)C2	39147
324	CS(=O)(=O)Nc1ccc([N+](=O)[O-])cc1Oc1ccccc1	4495
325	C#C[C@]1(O)CC[C@H]2[C@H]3[C@H](CC[C@@]21C)C1=C(CC(=O)CC1)C[C@H]3C	444008
326	O=C(CO)NCCCOc1cccc(CN2CCCCC2)c1	91276
327	COc1cc(CNC(=O)CCCC/C=C/C(C)C)ccc1O	1548943
328	N[C@@H](Cc1ccc(N(CCCl)CCCl)cc1)C(=O)O	460612
329	O=C(O)CCCc1ccc(N(CCCl)CCCl)cc1	2708
330	CC(COc1ccccc1)N(CCCl)Cc1ccccc1	4768
331	COC(=O)[C@H]1[C@@H](OC(=O)c2ccccc2)C[C@@H]2CC[C@H]1N2C	446220
332	CCOC(=O)c1ncn2c1CN(C)C(=O)c1cc(F)ccc1-2	3373
333	C=C(CC)C(=O)c1ccc(OCC(=O)O)c(Cl)c1Cl	3278
334	OC(CCN1CCCCC1)(c1ccccc1)C1CCCCC1	5572
335	CCN(CC)CCNC(=O)c1cc(Cl)c(N)cc1OC	4168
336	CN[C@H]1CC[C@@H](c2ccc(Cl)c(Cl)c2)c2ccccc21	68617
337	Clc1ccc2c(c1)C(N1CCNCC1)=Nc1ccccc1O2	2170
338	CN/C(=C\[N+](=O)[O-])NCCSCc1ccc(CN(C)C)o1	3001055
339	CCCN1C[C@H](CSC)C[C@@H]2c3cccc4[nH]cc(c34)C[C@H]21	47811
340	CCN(CCO)CCCC(C)Nc1ccnc2cc(Cl)ccc12	3652
341	CO[C@@]12[C@H](COC(N)=O)C3=C(C(=O)C(C)=C(N)C3=O)N1C[C@@H]1N[C@@H]12	5746
342	CN/C(=C\[N+](=O)[O-])NCCSCc1csc(CN(C)C)n1	3033637
343	O=C(O)c1cn(C2CC2)c2cc(N3CCNCC3)c(F)cc2c1=O	2764
344	O=C(O)COc1ccc(C(=O)c2cccs2)c(Cl)c1Cl	38409
345	C[C@]12Cc3cn[nH]c3C[C@@H]1CC[C@@H]1[C@@H]2CC[C@@]2(C)[C@H]1CC[C@]2(C)O	25249
346	COc1cc(C)c(/C=C/C(C)=C/C=C/C(C)=C/C(=O)O)c(C)c1C	5284513
347	O=C1CN=C(c2ccccc2)c2cc(Cl)ccc2N1CC1CC1	4890
348	CCCCC1C(=O)N(c2ccccc2)N(c2ccc(O)cc2)C1=O	4641
349	CC(C)[C@H](N)C(=O)OCCOCn1cnc2c(=O)nc(N)[nH]c21	135398742
350	CC(CN(C)C)CN1c2ccccc2Sc2ccc(C#N)cc21	62865
351	Cc1ccc(S(=O)(=O)NC(=O)NN2CC3CCCC3C2)cc1	3475
352	CCN(CC)CCCC(C)Nc1ccnc2cc(Cl)ccc12	2719
353	CCn1cc(C(=O)O)c(=O)c2cc(F)c(N3CCNCC3)cc21	4539
354	CN(C)CCC(c1ccc(Br)cc1)c1ccccn1	6834
355	C[C@H]1O[C@H](O[C@@H]2[C@@H](CO)O[C@H](O[C@H]([C@H](O)CO)[C@H](O)[C@@H](O)C=O)[C@H](O)[C@H]2O)[C@H](O)[C@@H](O)[C@@H]1N[C@H]1C=C(CO)[C@@H](O)[C@H](O)[C@H]1O	9811704
356	CC(C)(C)NC[C@H](O)COc1nsnc1N1CCOCC1	33624
357	O=C1CN=C(c2ccccn2)c2cc(Br)ccc2N1	2441
358	O=C1CN=C(c2ccccc2Cl)c2cc([N+](=O)[O-])ccc2N1	2802
359	COc1ccc2c3c1O[C@H]1C(=O)CC[C@@]4(O)[C@@H](C2)N(C)CC[C@]314	5284603
360	O=C(O)C1N=C(c2ccccc2)c2cc(Cl)ccc2NC1=O	2809
361	C#C[C@]1(OC(C)=O)CC[C@H]2[C@@H]3CCC4=C[C@@H](OC(C)=O)CC[C@@H]4[C@H]3CC[C@@]21C	9270
362	CC(=O)SCC(Cc1ccccc1)C(=O)NCC(=O)OCc1ccccc1	107751
363	CCC(=O)N(c1ccccc1)C1(COC)CCN(CCc2cccs2)CC1	41693
364	Fc1ccccc1C1=NCC(=S)N(CC(F)(F)F)c2ccc(Cl)cc21	4999
365	CC(=O)O[C@H]1C[C@@H]2CC[C@@H]3[C@H](CC[C@@]4(C)[C@H]3C[C@H]([N+]3(C)CCCCC3)[C@@H]4OC(C)=O)[C@@]2(C)C[C@@H]1N1CCCCC1	39765
366	CN(CCCCCCCCCCN(C)C(=O)Oc1cccc([N+](C)(C)C)c1)C(=O)Oc1cccc([N+](C)(C)C)c1	5966
367	COc1cccc2c1C(=O)c1c(O)c3c(c(O)c1C2=O)C[C@@](O)(C(=O)CO)C[C@@H]3O[C@H]1C[C@H](N)[C@@H](O)[C@H](C)O1	41867
368	COc1cccc2c1C(=O)c1c(O)c3c(c(O)c1C2=O)C[C@@](O)(C(=O)CO)C[C@@H]3O[C@H]1C[C@H](N)[C@H](O)[C@H](C)O1	31703
369	CC(=O)N1CCN(c2ccc(OCC3COC(Cn4ccnc4)(c4ccc(Cl)cc4Cl)O3)cc2)CC1	3823
370	CCC(=O)OCC(=O)[C@@]1(OC(=O)CC)[C@@H](C)C[C@H]2[C@@H]3CCC4=CC(=O)C=C[C@]4(C)[C@@]3(Cl)[C@@H](O)C[C@@]21C	21700
371	CO[C@@]1(NC(=O)C(C(=O)O)c2ccc(O)cc2)C(=O)N2C(C(=O)O)=C(CSc3nnnn3C)CO[C@@H]21	47499
372	CCN1CCN(C(=O)N[C@@H](C(=O)N[C@@H]2C(=O)N3[C@@H](C(=O)O)C(C)(C)S[C@H]23)c2ccccc2)C(=O)C1=O	43672
373	CCCCN(CCCC)CCC(O)c1cc2c(Cl)cc(Cl)cc2c2cc(C(F)(F)F)ccc12	37393
374	COc1c(O[C@@H]2O[C@H](CO)[C@@H](O)[C@H](O)[C@H]2O)cc2c(c1OC)-c1ccc(SC)c(=O)cc1[C@@H](NC(C)=O)CC2	9915886
375	CCOC(=O)[C@H](CCc1ccccc1)N[C@@H](C)C(=O)N1Cc2cc(OC)c(OC)cc2C[C@H]1C(=O)O	91270
376	CO[C@@]1(NC(=O)CSC(F)F)C(=O)N2C(C(=O)O)=C(CSc3nnnn3CCO)CO[C@@H]21	65864
377	COCCOC(=O)C1=C(C)NC(C)=C(C(=O)OC/C=C/c2ccccc2)C1c1cccc([N+](=O)[O-])c1	5282138
378	COC(=O)C1=C(C)NC(C)=C(C(=O)OCCN(C)Cc2ccccc2)C1c1cccc([N+](=O)[O-])c1	4474
379	CN(C)[C@@H]1C(O)=C(C(N)=O)C(=O)[C@@]2(O)C(=O)C3=C(O)c4c(O)ccc(Cl)c4[C@@](C)(O)[C@H]3C[C@@H]12	54675777
380	CN(C)C(=O)C(CCN1CCC(O)(c2ccc(Cl)cc2)CC1)(c1ccccc1)c1ccccc1	3955
381	CCOC(=O)[C@H](CCc1ccccc1)N[C@H]1CS[C@H](c2cccs2)CN(CC(=O)O)C1=O	443874
382	CC(C)N=c1cc2n(-c3ccc(Cl)cc3)c3ccccc3nc-2cc1Nc1ccc(Cl)cc1	2794
383	CCc1nn(CCCN2CCN(c3cccc(Cl)c3)CC2)c(=O)n1CCOc1ccccc1	4449
384	CC(C)(C)c1ccc(C(=O)CCCN2CCC(OC(c3ccccc3)c3ccccc3)CC2)cc1	3191
385	CC(=O)[C@]1(O)Cc2c(O)c3c(c(O)c2[C@@H](O[C@H]2C[C@H](N)[C@H](O)[C@H](C)O2)C1)C(=O)c1ccccc1C3=O	42890
386	CCC(=O)OC(OP(=O)(CCCCc1ccccc1)CC(=O)N1C[C@H](C2CCCCC2)C[C@H]1C(=O)O)C(C)C	55891
387	CN[C@@H]1[C@@H](O)[C@@H](O[C@@H]2[C@@H](O)[C@H](O[C@H]3O[C@H](CN)[C@@H](O)[C@H](O)[C@H]3O)[C@@H](N)C[C@H]2NC(=O)[C@@H](O)CN)OC[C@]1(C)O	3037209
388	CN1C[C@H](C(=O)N[C@]2(C)O[C@@]3(O)[C@@H]4CCCN4C(=O)[C@H](Cc4ccccc4)N3C2=O)C=C2c3cccc4[nH]cc(c34)C[C@H]21	8223
389	CC[N+](CC)(CC)CCOc1cccc(OCC[N+](CC)(CC)CC)c1OCC[N+](CC)(CC)CC	3450
390	O=C(O)c1cc(O)c2c(c1)C(C1c3cc(C(=O)O)cc(O)c3C(=O)c3c(OC4OC(CO)C(O)C(O)C4O)cccc31)c1cccc(OC3OC(CO)C(O)C(O)C3O)c1C2=O	5199
391	CO[C@H]1/C=C/O[C@@]2(C)Oc3c(C)c(O)c4c(c3C2=O)C2=NC3(CCN(CC(C)C)CC3)NC2=C(NC(=O)/C(C)=C\C=C\[C@H](C)[C@H](O)[C@@H](C)[C@@H](O)[C@@H](C)[C@H](OC(C)=O)[C@@H]1C)C4=O	135398743
392	CC[C@H]1OC(=O)[C@H](C)[C@@H](O[C@H]2C[C@@](C)(OC)[C@@H](O)[C@H](C)O2)[C@H](C)[C@@H](O[C@@H]2O[C@H](C)C[C@H](N(C)C)[C@H]2O)[C@](C)(O)C[C@@H](C)/C(=N\OCOCCOC)[C@H](C)[C@@H](O)[C@]1(C)O	5480431
393	CC[C@]1(O)C[C@H]2CN(CCc3c([nH]c4ccccc34)[C@@](C(=O)OC)(c3cc4c(cc3OC)N(C=O)[C@H]3[C@@](O)(C(=O)OC)[C@H](OC(C)=O)[C@]5(CC)C=CCN6CC[C@]43[C@@H]65)C2)C1	5978
394	CO[C@H]1/C=C/O[C@@]2(C)Oc3c(C)c(O)c4c(c3C2=O)C(=O)/C(=C/NN2CCN(C)CC2)C(=C4O)NC(=O)/C(C)=C\C=C\[C@H](C)[C@H](O)[C@@H](C)[C@@H](O)[C@@H](C)[C@H](OC(C)=O)[C@@H]1C	135900090
395	CO[C@H]1C[C@H](O[C@@H]2[C@@H](C)C(=O)O[C@H](C)[C@H](C)[C@H](OC(C)=O)[C@@H](C)C(=O)[C@]3(CO3)C[C@H](C)[C@H](O[C@@H]3O[C@H](C)C[C@H](N(C)C)[C@H]3OC(C)=O)[C@H]2C)O[C@@H](C)[C@@H]1OC(C)=O	202225
396	CSCC[C@H](NC(=O)[C@H](Cc1c[nH]c2ccccc12)NC(=O)CCNC(=O)OC(C)(C)C)C(=O)N[C@@H](CC(=O)O)C(=O)N[C@@H](Cc1ccccc1)C(N)=O	9853654
397	CC[C@]1(O)C[C@H]2CN(CCc3c([nH]c4ccccc34)[C@@](C(=O)OC)(c3cc4c(cc3OC)N(C)[C@H]3[C@@](O)(C(N)=O)[C@H](O)[C@]5(CC)C=CCN6CC[C@]43[C@@H]65)C2)C1	40839
398	CC[C@H]1OC(=O)[C@H](C)[C@@H](O[C@H]2C[C@@](C)(OC)[C@@H](O)[C@H](C)O2)[C@H](C)[C@@H](O[C@@H]2O[C@H](C)C[C@H](N(C)C)[C@H]2O)[C@](C)(O)C[C@@H](C)CN(C)[C@H](C)[C@@H](O)[C@]1(C)O	447043
399	CC[C@H]1OC(=O)[C@H](C)[C@@H](O[C@H]2C[C@@](C)(OC)[C@@H](O)[C@H](C)O2)[C@H](C)[C@@H](O[C@@H]2O[C@H](C)C[C@H](N(C)C)[C@H]2O)[C@](C)(OC)C[C@@H](C)C(=O)[C@H](C)[C@@H](O)[C@]1(C)O	84029
400	CC(C)(C)NC(=O)[C@@H]1C[C@@H]2CCCC[C@@H]2CN1C[C@@H](O)[C@H](Cc1ccccc1)NC(=O)[C@H](CC(N)=O)NC(=O)c1ccc2ccccc2n1	441243
401	COc1cc([C@@H]2c3cc4c(cc3[C@@H](O[C@@H]3O[C@@H]5CO[C@@H](c6cccs6)O[C@H]5[C@H](O)[C@H]3O)[C@H]3COC(=O)[C@H]23)OCO4)cc(OC)c1O	452548
402	CC(C)C[C@H]1C(=O)N2CCC[C@H]2[C@]2(O)O[C@](NC(=O)[C@@H]3C=C4c5cccc6[nH]c(Br)c(c56)C[C@H]4N(C)C3)(C(C)C)C(=O)N12	31101
403	CCN1CCN(C(=O)NC(C(=O)N[C@@H]2C(=O)N3C(C(=O)O)=C(CSc4nnnn4C)CS[C@H]23)c2ccc(O)cc2)C(=O)C1=O	44185
404	CCCCc1oc2ccccc2c1C(=O)c1cc(I)c(OCCN(CC)CC)c(I)c1	2157
405	CO[C@@H]1[C@@H](OC(N)=O)[C@@H](O)[C@H](Oc2ccc3c(O)c(NC(=O)c4ccc(O)c(CC=C(C)C)c4)c(=O)oc3c2C)OC1(C)C	54675769
406	COC(=O)[C@H]1[C@H]2C[C@@H]3c4[nH]c5cc(OC)ccc5c4CCN3C[C@H]2C[C@@H](OC(=O)c2cc(OC)c(OC)c(OC)c2)[C@@H]1OC	5770
407	CCCCNc1ccc(C(=O)OCCOCCOCCOCCOCCOCCOCCOCCOCCOC)cc1	7699
408	COc1cc([C@@H]2c3cc4c(cc3[C@@H](O[C@@H]3O[C@@H]5CO[C@@H](C)O[C@H]5[C@H](O)[C@H]3O)[C@H]3COC(=O)[C@H]23)OCO4)cc(OC)c1O	36462
409	CO[C@]12CC[C@@]3(C[C@@H]1[C@](C)(O)C(C)(C)C)[C@H]1Cc4ccc(O)c5c4[C@@]3(CCN1CC1CC1)[C@H]2O5	644073
410	COc1ccc2c3c1O[C@H]1C(=O)CC[C@H]4[C@@H](C2)N(C)CC[C@]314	5284569
411	COc1cc(N)c(Cl)cc1C(=O)N[C@@H]1CCN(CCCOc2ccc(F)cc2)C[C@@H]1OC	6917698
412	CC1(C)S[C@@H]2[C@H](NC(=O)[C@H](NC(=O)N3CCNC3=O)c3ccccc3)C(=O)N2[C@H]1C(=O)O	6479523
413	CCOc1ccc2ccccc2c1C(=O)N[C@@H]1C(=O)N2[C@@H](C(=O)O)C(C)(C)S[C@H]12	8982
414	CC(C)n1c(/C=C/[C@H](O)C[C@H](O)CC(=O)O)c(-c2ccc(F)cc2)c2ccccc21	1548972
415	Cc1nc2n(c(=O)c1CCN1CCC(c3noc4cc(F)ccc34)CC1)CCCC2	5073
416	Nc1nc(/C(=C/CC(=O)O)C(=O)N[C@@H]2C(=O)N3C(C(=O)O)=CCS[C@H]23)cs1	5282242
417	CCOC(=O)C1=C(COCCN)NC(C)=C(C(=O)OC)C1c1ccccc1Cl	2162
418	COc1ccccc1OCCNCC(O)COc1cccc2[nH]c3ccccc3c12	2585
419	NCCCC[C@H](N[C@@H](CCc1ccccc1)C(=O)O)C(=O)N1CCC[C@H]1C(=O)O	5362119
420	OCCN1CCN(CCCN2c3ccccc3Sc3ccc(Cl)cc32)CC1	4748
421	CC(=O)OCC(=O)[C@@]1(O)CC[C@H]2[C@@H]3CCC4=CC(=O)CC[C@]4(C)[C@H]3C(=O)C[C@@]21C	5745
422	Clc1ccc(COC(Cn2ccnc2)c2ccc(Cl)cc2Cl)c(Cl)c1	4189
423	NC(=O)C1CCN(CCCN2c3ccccc3Sc3ccc(Cl)cc32)CC1	6761
424	C[N+]1(C)[C@H]2CC(OC(=O)[C@H](CO)c3ccccc3)C[C@H]1C1OC12	23724782
425	CC(=O)OCC1=C(C(=O)O)N2C(=O)[C@@H](NC(=O)Cc3cccs3)[C@H]2SC1	6024
426	Cc1nnc2n1-c1sc(Br)cc1C(c1ccccc1Cl)=NC2	2451
427	O=C(O)CN(CCN(CC(=O)O)CC(=O)O)CCN(CC(=O)O)CC(=O)O	3053
428	C/C=C/C1=C(C(=O)O)N2C(=O)[C@@H](NC(=O)[C@H](N)c3ccc(O)cc3)[C@H]2SC1	5281006
429	O=C(O)COCCN1CCN(C(c2ccccc2)c2ccc(Cl)cc2)CC1	2678
430	COc1cc(C(=O)NCc2ccc(OCCN(C)C)cc2)cc(OC)c1OC	5577
431	COC(=O)C1=C(C)NC(C)=C(C(=O)OCC(C)C)C1c1ccccc1[N+](=O)[O-]	4499
432	COc1cc2nc(N3CCN(C(=O)C4CCCO4)CC3)nc(N)c2cc1OC	5401
433	C[N+]1(C)CCC(OC(=O)C(O)(c2ccccc2)C2CCCC2)C1	3494
434	CCOC(=O)[C@H](CCc1ccccc1)N[C@@H](C)C(=O)N1[C@H](C(=O)O)C[C@@H]2CCC[C@@H]21	5362129
435	CCC(=O)N(c1ccccc1)C1(COC)CCN(CCn2nnn(CC)c2=O)CC1	51263
436	COCCOC(=O)C1=C(C)NC(C)=C(C(=O)OC(C)C)C1c1cccc([N+](=O)[O-])c1	4497
437	CN(C)c1ccc(O)c2c1C[C@H]1C[C@H]3[C@H](N(C)C)C(=O)C(C(N)=O)=C(O)[C@@]3(O)C(=O)C1=C2O	54675783
438	Cc1nnc(SCC2=C(C(=O)O)N3C(=O)[C@@H](NC(=O)Cn4cnnn4)[C@H]3SC2)s1	33255
439	CN(Cc1cnc2nc(N)nc(N)c2n1)c1ccc(C(=O)N[C@@H](CCC(=O)O)C(=O)O)cc1	126941
440	C=CC1=C(C(=O)O)N2C(=O)[C@@H](NC(=O)/C(=N\OCC(=O)O)c3csc(N)n3)[C@H]2SC1	6321411
441	C=CCN1C[C@H](C(=O)N(CCCN(C)C)C(=O)NCC)C[C@@H]2c3cccc4[nH]cc(c34)C[C@H]21	54746
442	COc1cc2nc(N3CCN(C(=O)C4COc5ccccc5O4)CC3)nc(N)c2cc1OC	3157
443	CC1=C(C/C=C(\C)CCC[C@H](C)CCC[C@H](C)CCCC(C)C)C(=O)c2ccccc2C1=O	5284607
444	Cc1cnc(C(=O)NCCc2ccc(S(=O)(=O)NC(=O)NC3CCCCC3)cc2)cn1	3478
445	C[C@H]1c2cccc(O)c2C(O)=C2C(=O)[C@]3(O)C(O)=C(C(N)=O)C(=O)[C@@H](N(C)C)[C@@H]3[C@@H](O)[C@@H]21	54671203
446	CC(=O)Oc1ccc(C2(c3ccc(OC(C)=O)cc3)C(=O)N(C(C)=O)c3ccccc32)cc1	29321
447	Nc1nc(=O)c2nc(CNc3ccc(C(=O)N[C@@H](CCC(=O)O)C(=O)O)cc3)cnc2[nH]1	135398658
448	CC(C)(C)C(=O)OCOC(=O)[C@@H]1N2C(=O)[C@@H](N=CN3CCCCCC3)[C@H]2SC1(C)C	115163
449	CCOC(=O)[C@H](CCc1ccccc1)N[C@@H](C)C(=O)N1Cc2ccccc2C[C@H]1C(=O)O	54892
450	OCCN1CCN(CC/C=C2/c3ccccc3Sc3ccc(C(F)(F)F)cc32)CC1	5281881
451	Cc1c(C)c2c(c(C)c1O)CC[C@@](C)(CCC[C@H](C)CCC[C@H](C)CCCC(C)C)O2	14985
452	CC(O)(CS(=O)(=O)c1ccc(F)cc1)C(=O)Nc1ccc(C#N)c(C(F)(F)F)c1	2375
453	COc1cccc(CCc2ccccc2OCC(CN(C)C)OC(=O)CCC(=O)O)c1	5160
454	CCCCCCCCCC(=O)O[C@H]1CC[C@H]2[C@@H]3CCC4=CC(=O)CC[C@@H]4[C@H]3CC[C@]12C	9677
455	COCC1=C(C(=O)O)N2C(=O)[C@@H](NC(=O)/C(=N\OC)c3csc(N)n3)[C@H]2SC1	6321413
456	CC[C@H](C)C(=O)O[C@H]1C[C@H](O)C=C2C=C[C@H](C)[C@H](CC[C@@H](O)C[C@@H](O)CC(=O)O)[C@H]21	54687
457	CCC(C)(C)C(=O)O[C@H]1C[C@@H](C)C=C2C=C[C@H](C)[C@H](CC[C@@H]3C[C@@H](O)CC(=O)O3)[C@H]21	54454
458	O=c1[nH]c2ccccc2n1C1CCN(CCCC(c2ccc(F)cc2)c2ccc(F)cc2)CC1	16362
459	C[C@@H](O)[C@H]1C(=O)N2C(C(=O)O)=C(SCCN=CN)C[C@H]12	104838
460	CN(C)CC=C(c1ccc(Br)cc1)c1cccnc1	41987
461	CC(C(=O)O)c1ccc2c(c1)CC(=O)c1ccccc1S2	5720
462	Cc1ncc([N+](=O)[O-])n1CCO	4173
463	NCC1(CC(=O)O)CCCCC1	3446
464	CCC1(c2ccccc2)C(=O)NC(=O)N(C)C1=O	8271
465	Cc1cc(C(C)(C)C)cc(C)c1CC1=NCCN1	5709
466	Nc1ccc(S(N)(=O)=O)cc1	5333
467	Nc1ccn([C@@H]2O[C@H](CO)[C@@H](O)[C@@H]2O)c(=O)n1	6253
468	NC(N)=NCCC[C@H](N)C(=O)O	6322
469	CCOC(=O)C(C)(C)Oc1ccc(Cl)cc1	2796
470	CC(C(=O)O)c1cccc(Oc2ccccc2)c1	3342
471	Cc1cccc(Nc2ccccc2C(=O)O)c1C	4044
472	COc1ccccc1OCC(O)COC(N)=O	4107
473	CC(C)(C)NCC(O)c1ccc(O)c(CO)c1	2083
474	O=C1O[C@H]([C@@H](O)CO)C(O)=C1O	54670067
475	CN1Cc2c(N)cccc2C(c2ccccc2)C1	4528
476	C=CCC1(C(C)CCC)C(=O)NC(=O)NC1=O	5193
477	Cc1cccc(C)c1NC(=O)C1CCCCN1C	4062
478	O=c1[nH]c2cc(Cl)ccc2o1	2733
479	Nc1ccc(S(=O)(=O)c2ccc(N)cc2)cc1	2955
480	CC(C)NCC(O)COc1cccc2[nH]ccc12	4828
481	O=C(Oc1ccccc1C(=O)O)c1ccccc1O	5161
482	Nc1ccc(C(=O)O)c(O)c1	4649
483	CN1CC[C@]23CCCC[C@H]2[C@H]1Cc1ccc(O)cc13	5359272
484	CN(C)CCN(Cc1ccccc1)c1ccccn1	5587
485	C#CCN(C)Cc1ccccc1	4688
486	CC(C)N=C(N)N=C(N)Nc1ccc(Cl)cc1	4923
487	C[C@H]1[C@H](c2ccccc2)OCCN1C	30487
488	NC(=O)OCC(COC(N)=O)c1ccccc1	3331
489	Nc1nc(N)c2nc(-c3ccccc3)c(N)nc2n1	5546
490	O=C1NC(=O)C(c2ccccc2)(c2ccccc2)N1	1775
491	Nc1nc(=S)c2[nH]cnc2[nH]1	2723601
492	CC(C(=O)O)c1ccc(N2CC=CC2)c(Cl)c1	35935
493	FC(F)OC(F)C(F)(F)F	42113
494	Cc1ncc(CO)c(CO)c1O	1054
495	NC[C@H](O)c1ccc(O)c(O)c1	439260
496	NCCCC(O)(P(=O)(O)O)P(=O)(O)O	2088
497	CC(C[N+](C)(C)C)OC(N)=O	2370
498	CC(C)c1cccc(C(C)C)c1O	4943
499	CC(C)NNC(=O)c1ccncc1	3748
500	O=C1CN(/N=C/c2ccc([N+](=O)[O-])o2)C(=O)N1	5353830
501	OC[C@@H](O)[C@@H](O)[C@H](O)[C@H](O)CO	6251
502	O=C(NCCO[N+](=O)[O-])c1cccnc1	47528
503	CN(C)c1nc(N(C)C)nc(N(C)C)n1	2123
504	CNC[C@H](O)c1ccc(O)c(O)c1	5816
505	Cc1cc(C2CCCCC2)n(O)c(=O)c1	2749
506	OCCN1C[C@H](O)[C@@H](O)[C@H](O)[C@H]1CO	441314
507	CC(C)Cc1ccc(C(C)C(=O)O)cc1	3672
508	Cn1c(=O)c2[nH]cnc2n(C)c1=O	2153
509	CCN(CC)C(C)C(=O)c1ccccc1	7029
510	CC[C@@H](CO)NCCN[C@@H](CC)CO	14052
511	c1ccc([C@H]2CN3CCSC3=N2)cc1	26879
512	c1ccc2[nH]c(-c3cscn3)nc2c1	5430
513	CCN(CC)C(=O)N1CCN(C)CC1	3052
514	C#CCN(C)[C@H](C)Cc1ccccc1	26757
515	N[C@@H](Cc1ccc(O)c(O)c1)C(=O)O	6047
516	C[C@](N)(Cc1ccc(O)cc1)C(=O)O	441350
517	FC(F)OC(F)(F)C(F)Cl	3226
518	NC(=O)c1ncn([C@@H]2O[C@H](CO)[C@@H](O)[C@H]2O)c1O	104762
519	OC[C@H]1OC(O)[C@H](O)[C@@H](O)[C@@H]1O	5793
520	Nc1ccn([C@H]2CC[C@@H](CO)O2)c(=O)n1	24066
521	CNC1(c2ccccc2Cl)CCCCC1=O	3821
522	NC(=O)N1c2ccccc2C=Cc2ccccc21	2554
523	O=c1nc[nH]c2c1ncn2[C@H]1CC[C@@H](CO)O1	135398739
524	NCCC(O)(P(=O)(O)O)P(=O)(O)O	4674
525	CCN(CC)CC(=O)Nc1c(C)cccc1C	3676
526	COc1ccc2cc([C@H](C)C(=O)O)ccc2c1	156391
527	Clc1cccc(Cl)c1NC1=NCCN1	2803
528	C[C@](N)(Cc1ccc(O)c(O)c1)C(=O)O	38853
529	CC(CN(C)C)CN1c2ccccc2Sc2ccccc21	5574
530	Cc1cccc(C)c1OCC(C)N	4178
531	CC(=O)Nc1nnc(S(N)(=O)=O)s1	1986
532	Cc1cc(C)cc(OCC2CNC(=O)O2)c1	15459
533	NCCNCCNCCN	5565
534	CCC1(c2ccccc2)C(=O)NCNC1=O	4909
535	OC1C(O)C(O)C(O)C(O)C1O	892
536	COc1ccc(OC)c(C(O)C(C)N)c1	6082
537	Cc1cn([C@H]2C=C[C@@H](CO)O2)c(=O)[nH]c1=O	18283
538	CC(C)(S)[C@@H](N)C(=O)O	5852
539	Cc1cc(NS(=O)(=O)c2ccc(N)cc2)no1	5329
540	CC(C)Cc1ccc(CC(=O)O)cc1	15250
541	CC1/C=C/C=C/CC/C=C/C=C/C=C/C=C/C(OC2O[C@H](C)[C@@H](O)[C@H](N)[C@@H]2O)CC(O)C(C(=O)O)C(O)CC(=O)CC(O)C(O)CCC(O)CC(O)CC(O)CC(=O)OC(C)C(C)C1O	11953884
542	CC(C)C(=O)Nc1ccc([N+](=O)[O-])c(C(F)(F)F)c1	3397
543	Cc1cc(CC(=O)O)n(C)c1C(=O)c1ccc(Cl)cc1	5733
544	Nc1ccc(S(=O)(=O)NC(=O)c2ccccc2)cc1	5319
545	CC[C@H]1OC(=O)[C@H](C)[C@@H](O[C@H]2C[C@@](C)(OC)[C@@H](O)[C@H](C)O2)[C@H](C)[C@@H](O[C@@H]2O[C@H](C)C[C@H](N(C)C)[C@H]2O)[C@](C)(O)C[C@@H](C)C(=O)[C@H](C)[C@@H](O)[C@]1(C)O	12560
546	CN(C/C=C/C#CC(C)(C)C)Cc1cccc2ccccc12	1549008
547	CCCNC(=O)NS(=O)(=O)c1ccc(Cl)cc1	2727
548	CN(C)CCC=C1c2ccccc2CCc2ccccc21	2160
549	C1CCC(C(CC2CCCCN2)C2CCCCC2)CC1	4746
550	C[C@]12CC[C@H]3[C@@H](CC[C@H]4CC(=O)CC[C@@]43C)[C@@H]1CC[C@@H]2O	10635
551	C[N+](C)(C)CC(=O)[O-]	247
552	CC[C@H]1OC(=O)[C@H](C)[C@@H](O[C@H]2C[C@@](C)(OC)[C@@H](O)[C@H](C)O2)[C@H](C)[C@@H](O[C@@H]2O[C@H](C)C[C@H](N(C)C)[C@H]2O)[C@](C)(O)C[C@@H](C)[C@@H]2N[C@@H](COCCOC)O[C@H]([C@H]2C)[C@]1(C)O	6473883
553	O=C(c1cc(O)c(O)c(O)c1)c1ccc(O)c(O)c1O	40399
554	NS(=O)(=O)c1cc2c(cc1Cl)NC=NS2(=O)=O	2720
555	Nc1ccn(C[C@@H](CO)OCP(=O)(O)O)c(=O)n1	60613
556	CC(C(=O)O)c1ccc(C(=O)c2ccccc2)s1	5468
557	CN1CCC(=C2c3ccccc3CCc3cccnc32)CC1	19861
558	CC(=O)O[C@@]12CO[C@@H]1C[C@H](O)[C@@]1(C)C(=O)[C@H](O)C3=C(C)[C@@H](OC(=O)[C@H](O)[C@@H](NC(=O)OC(C)(C)C)c4ccccc4)C[C@@](O)([C@@H](OC(=O)c4ccccc4)[C@@H]12)C3(C)C	148124
559	CN1CC[C@]23c4c5ccc(O)c4O[C@H]2C(=O)CC[C@H]3[C@H]1C5	5284570
560	C[N+](C)(C)CCOC(=O)CCC(=O)OCC[N+](C)(C)C	5314
561	CCCN(CCC)S(=O)(=O)c1ccc(C(=O)O)cc1	4911
562	CCc1cccc2c3c([nH]c12)C(CC)(CC(=O)O)OCC3	3308
563	N[C@@H](Cc1cc(I)c(Oc2cc(I)c(O)c(I)c2)c(I)c1)C(=O)O	5819
564	CCC1=C[C@@H]2CN(C1)Cc1c([nH]c3ccccc13)[C@@](C(=O)OC)(c1cc3c(cc1OC)N(C)[C@H]1[C@](O)(C(=O)OC)[C@H](OC(C)=O)[C@]4(CC)C=CCN5CC[C@]31[C@@H]54)C2	44424639
565	C[C@H]1O[C@@H](O[C@H]2[C@@H](O)C[C@H](O[C@H]3[C@@H](O)C[C@H](O[C@H]4CC[C@]5(C)[C@H]6C[C@@H](O)[C@]7(C)[C@@H](C8=CC(=O)OC8)CC[C@]7(O)[C@@H]6CC[C@@H]5C4)O[C@@H]3C)O[C@@H]2C)C[C@H](O)[C@@H]1O	2724385
566	OC(CCN1CCCC1)(c1ccccc1)C1CCCCC1	4919
567	C=CC[C@@H]1/C=C(\C)C[C@H](C)C[C@H](OC)[C@H]2O[C@@](O)(C(=O)C(=O)N3CCCC[C@H]3C(=O)O[C@H](/C(C)=C/[C@@H]3CC[C@@H](O)[C@H](OC)C3)[C@H](C)[C@@H](O)CC1=O)[C@H](C)C[C@@H]2OC	445643
568	C[C@H](NCCc1ccc(O)cc1)[C@H](O)c1ccc(O)cc1	33572
569	CC1(C)[C@@H](O[C@H]2O[C@H](C(=O)O)[C@@H](O)[C@H](O)[C@H]2O[C@@H]2O[C@H](C(=O)O)[C@@H](O)[C@H](O)[C@H]2O)CC[C@@]2(C)[C@H]1CC[C@]1(C)[C@@H]2C(=O)C=C2[C@@H]3C[C@@](C)(C(=O)O)CC[C@]3(C)CC[C@]21C	14982
570	CN(C)CCC=C1c2ccccc2C=Cc2ccccc21	2895
571	CN1CCC(=C2c3ccccc3C=Cc3ccccc32)CC1	2913
572	Nc1ncnc2c1ncn2[C@@H]1O[C@H](CO)[C@@H](O)[C@@H]1O	21704
573	CCN(CC)C(=S)SSC(=S)N(CC)CC	3117
574	CCCCNc1ccc(C(=O)OCCN(C)C)cc1	5411
575	CNCCCC1c2ccccc2C=Cc2ccccc21	4976
576	CNCCCN1c2ccccc2CCc2ccccc21	2995
577	Nc1ncnc2c1ncn2[C@@H]1O[C@H](CO)[C@@H](O)[C@H]1O	60961
578	CC(=O)Nc1cc([As](=O)(O)O)ccc1O	1985
579	O=P1(NCCCl)OCCCN1CCCl	3690
580	CNCCc1ccccn1	2366
581	CC(NN)c1ccccc1	6179
582	NNC(=O)c1ccncc1	3767
583	CCC(C)n1ncn(-c2ccc(N3CCN(c4ccc(OC[C@H]5CO[C@](Cn6cncn6)(c6ccc(Cl)cc6Cl)O5)cc4)CC3)cc2)c1=O	55283
584	CC(N)Cc1ccccc1	3007
585	CC(C)c1nc(CN(C)C(=O)N[C@H](C(=O)N[C@@H](Cc2ccccc2)C[C@H](O)[C@H](Cc2ccccc2)NC(=O)OCc2cncs2)C(C)C)cs1	392622
586	NS(=O)(=O)c1cc2c(cc1Cl)NCNS2(=O)=O	3639
587	CCc1ccc(C(C)CCc2ccc([N+](C)(C)C)cc2)cc1	70695641
588	COc1ccc2c(c1)[C@]13CCCC[C@@H]1[C@H](C2)N(C)CC3	5360696
589	Cn1cc[nH]c1=S	1349907
590	O=C(O)Cc1ccccc1Nc1c(Cl)cccc1Cl	3033
591	Oc1cccc2cccnc12	1923
592	CN(C)CCC(c1ccc(Cl)cc1)c1ccccn1	2725
593	O=C(CCNNC(=O)c1ccncc1)NCc1ccccc1	4472
594	OCC(O)CO	753
595	Cc1ccccc1C(OCCN(C)C)c1ccccc1	4601
596	C[C@@H]1O[C@@H]1P(=O)(O)O	446987
597	CCOC(=O)C1(c2ccccc2)CCN(CCC(C#N)(c2ccccc2)c2ccccc2)CC1	13505
598	OCCN1CCN(CCCN2c3ccccc3Sc3ccc(C(F)(F)F)cc32)CC1	3372
599	NCCCCCC(=O)O	564
600	O=C(O)c1cccnc1	938
601	Cc1cc(Br)c(O)c2ncccc12	65592
602	CCCC(C)C1(CC)C(=O)NC(=S)NC1=O	3000715
603	O=c1[nH]cc(F)c(=O)[nH]1	3385
604	COC1C(CO)OC(OCC2OC(OC3C(CO)OC(C)C(O)C3O)C(O)C(O)C2OC2OC(CO)C(OC)C(O)C2OCCO)C(O)C1O	24846132
605	Cn1nnnc1SCC1=C(C(=O)O)N2C(=O)[C@@H](NC(=O)[C@H](O)c3ccccc3)[C@H]2SC1	456255
606	NC(=O)c1cnccn1	1046
607	Cc1nc(=O)c2cc(CN(C)c3ccc(C(=O)N[C@@H](CCC(=O)O)C(=O)O)s3)ccc2[nH]1	135400182
608	C=C1c2cccc(O)c2C(O)=C2C(=O)[C@]3(O)C(O)=C(C(N)=O)C(=O)[C@@H](N(C)C)[C@@H]3[C@@H](O)[C@H]12	54675785
609	Cc1onc(-c2c(Cl)cccc2Cl)c1C(=O)N[C@@H]1C(=O)N2[C@@H](C(=O)O)C(C)(C)S[C@H]12	18381
610	C=Cc1ccc(S(=O)(=O)O)cc1	75905
611	CCC1(c2ccc(N)cc2)CCC(=O)NC1=O	2145
612	CN(C)[C@@H]1C(=O)C(C(N)=O)=C(O)[C@@]2(O)C(=O)C3=C(O)c4c(O)cccc4[C@@](C)(O)[C@H]3C[C@@H]12	54675776
613	CSCC[C@H](N)C(=O)O	6137
614	CC(C)Nc1ncccn1	71169
615	COC(=O)C1=C(C)NC(C)=C(C(=O)OCCN2CCN(C(c3ccccc3)c3ccccc3)CC2)C1c1cccc([N+](=O)[O-])c1	4008
616	CC[N+](CC)(CCNC(=O)C(=O)NCC[N+](CC)(CC)Cc1ccccc1Cl)Cc1ccccc1Cl	2131
617	C[N+](C)(C)CCOP(=O)([O-])OP(=O)(O)OC[C@H]1O[C@@H](n2ccc(N)nc2=O)[C@H](O)[C@@H]1O	13804
618	CN1C(=O)CC(C)(c2ccccc2)C1=O	6476
619	NCC[C@H](O)C(=O)N[C@@H]1C[C@H](N)[C@@H](O[C@H]2O[C@H](CN)[C@@H](O)[C@H](O)[C@H]2O)[C@H](O)[C@H]1O[C@H]1O[C@H](CO)[C@@H](O)[C@H](N)[C@H]1O	37768
620	CO/N=C(\C(=O)N[C@@H]1C(=O)N2C(C(=O)[O-])=C(C[N+]3(C)CCCC3)CS[C@H]12)c1csc(N)n1	5464190
621	CC(C)(O/N=C(\C(=O)N[C@@H]1C(=O)N2C(C(=O)[O-])=C(C[n+]3ccccc3)CS[C@H]12)c1csc(N)n1)C(=O)O	5484131
622	CC(COc1ccccc1)NN	71467
623	CC(=O)N(O)CCCCCNC(=O)CCC(=O)N(O)CCCCCNC(=O)CCC(=O)N(O)CCCCCN	2973
624	S=P(N1CC1)(N1CC1)N1CC1	5453
625	Nc1ccc(O)c(C(=O)O)c1	4075
626	CC(C)(N)Cc1ccccc1	4771
627	C=CC[N+]1([C@H]2C[C@H]3[C@@H]4CC[C@H]5C[C@H](O)[C@@H](N6CCOCC6)C[C@]5(C)[C@H]4CC[C@]3(C)[C@H]2OC(C)=O)CCCC1	441290
628	CN(C)C(=O)Oc1ccc[n+](C)c1	4991
629	CN(C)CCn1nnnc1SCC1=C(C(=O)O)N2C(=O)[C@@H](NC(=O)Cc3csc(N)n3)[C@H]2SC1	43708
630	O=c1ncnc2[nH][nH]cc1-2	135401907
631	CC(C)(C)c1ccc(C(O)CCCN2CCC(C(O)(c3ccccc3)c3ccccc3)CC2)cc1	5405
632	O=C(O)c1cc(=O)c2c(OCC(O)COc3cccc4oc(C(=O)O)cc(=O)c34)cccc2o1	2882
633	CO/N=C(\C(=O)N[C@@H]1C(=O)N2C(C(=O)O)=C(COC(C)=O)CS[C@H]12)c1csc(N)n1	5479527
634	O=[N+]([O-])OCC(CO[N+](=O)[O-])O[N+](=O)[O-]	4510
635	CC(C)(C(=O)c1cccnc1)c1cccnc1	4174
636	O=C(NCC(O)CO)c1c(I)c(C(=O)NCC(O)CO)c(I)c(N(CCO)C(=O)CO)c1I	3741
637	CO[C@@]1(NC(=O)CSCC#N)C(=O)N2C(C(=O)O)=C(CSc3nnnn3C)CS[C@@H]21	42008
638	COc1ccc(CCN2CCC(Nc3nc4ccccc4n3Cc3ccc(F)cc3)CC2)cc1	2247
639	CC(C)(C)NC(=O)[C@@H]1CN(Cc2cccnc2)CCN1C[C@@H](O)C[C@@H](Cc1ccccc1)C(=O)N[C@H]1c2ccccc2C[C@H]1O	5362440
640	C=CCC1(CC(C)C)C(=O)NC(=O)NC1=O	2481
641	CC[C@]1(O)C[C@@H]2CN(CCc3c([nH]c4ccccc34)[C@@](C(=O)OC)(c3cc4c(cc3OC)N(C)[C@H]3[C@@](O)(C(=O)OC)[C@H](OC(C)=O)[C@]5(CC)C=CCN6CC[C@]43[C@@H]65)C2)C1	13342
642	CC(C)c1c(C(=O)Nc2ccccc2)c(-c2ccccc2)c(-c2ccc(F)cc2)n1CC[C@@H](O)C[C@@H](O)CC(=O)O	60823
643	NC1=NC(=O)C(c2ccccc2)O1	4723
644	CCC1(c2ccccc2)CCC(=O)NC1=O	3487
645	NCCc1ccc(O)c(O)c1	681
646	C[C@@H]1OC(=O)C[C@H](O)C[C@H](O)CC[C@@H](O)[C@H](O)C[C@H](O)C[C@]2(O)C[C@H](O)[C@@H](C(=O)O)[C@H](C[C@@H](O[C@@H]3O[C@H](C)[C@@H](O)[C@H](N)[C@@H]3O)/C=C/C=C/C=C/C=C/C=C/C=C/C=C/[C@H](C)[C@@H](O)[C@H]1C)O2	5280965
647	NC(=O)CN1CCCC1=O	4843
648	CN[C@@H](C)Cc1ccccc1	10836
649	CCC1(CCC(C)C)C(=O)NC(=O)NC1=O	2164
650	O=c1[nH]c(=O)n([C@H]2C[C@H](O)[C@@H](CO)O2)cc1F	5790
651	Clc1ccc(C(c2ccccc2Cl)C(Cl)Cl)cc1	4211
652	O=C(N[C@H](CO)[C@H](O)c1ccc([N+](=O)[O-])cc1)C(Cl)Cl	5959
653	O=c1n(CCCN2CCN(c3cccc(Cl)c3)CC2)nc2ccccn12	5533
654	CNC(=O)Oc1ccc2c(c1)[C@]1(C)CCN(C)[C@@H]1N2C	5983
655	CC(=O)[C@H]1CC[C@H]2[C@@H]3C=CC4=CC(=O)CC[C@@]4(C)[C@@H]3CC[C@]12C	9051
656	C[C@]12CC[C@@H]3c4ccc(O)cc4CC[C@H]3[C@@H]1CC[C@@H]2O	5757
657	Cc1ccc(S(=O)(=O)NC(=O)NN2CCCCCC2)cc1	5503
658	Fc1ccc([C@@H]2CCNC[C@H]2COc2ccc3c(c2)OCO3)cc1	43815
659	CN1[C@H]2CC[C@@H]1CC(OC(c1ccccc1)c1ccccc1)C2	1201549
660	CCc1c(C)[nH]c2c1C(=O)C(CN1CCOCC1)CC2	23897
661	CC(C)NCC(O)COc1ccc(CCOCC2CC2)cc1	2369
662	OC[C@H]1O[C@@H](n2cnc3c2NC=NC[C@H]3O)C[C@@H]1O	439693
663	O=C1OC2(c3ccc(O)cc3Oc3cc(O)ccc32)c2ccccc21	16850
664	NC(N)=Nc1nc(CSCCC(N)=NS(N)(=O)=O)cs1	3325
665	C#C[C@]1(O)CC[C@H]2[C@@H]3CCC4=Cc5oncc5C[C@]4(C)[C@H]3CC[C@@]21C	28417
666	C[C@]1(O)CC[C@H]2[C@@H]3CCC4=CC(=O)CC[C@]4(C)[C@H]3CC[C@@]21C	6010
667	CCCC(C)(COC(N)=O)COC(=O)NC(C)C	2576
668	CN1CC[C@]23c4c5ccc(O)c4O[C@H]2C(=O)CC[C@@]3(O)[C@H]1C5	5284604
669	OC[C@H]1O[C@](O)(CO)[C@@H](O)[C@@H]1O[C@@H]1O[C@H](CO)[C@H](O)[C@H](O)[C@H]1O	11333
670	O=C1CC2(CCCC2)CC(=O)N1CCCCN1CCN(c2ncccn2)CC1	2477
671	COc1cc2c(cc1OC)C(=O)C(CC1CCN(Cc3ccccc3)CC1)C2	3152
672	COCCCCC(=NOCCN)c1ccc(C(F)(F)F)cc1	3404
673	CCC[C@H](N[C@@H](C)C(=O)N1[C@H](C(=O)O)C[C@@H]2CCCC[C@@H]21)C(=O)OCC	107807
674	CC(=O)c1ccc(S(=O)(=O)NC(=O)NC2CCCCC2)cc1	1989
675	CN1C(=O)C(O)N=C(c2ccccc2)c2cc(Cl)ccc21	5391
676	OC[C@H]1OC(O)[C@H](O)[C@@H](O)[C@@H]1O[C@@H]1O[C@H](CO)[C@H](O)[C@H](O)[C@H]1O	440995
677	O=C(O)C1=C/C(=N\Nc2ccc(O)c(C(=O)O)c2)C=CC1=O	22419
678	CCN(CC)Cc1cc(Nc2ccnc3cc(Cl)ccc23)ccc1O	2165
679	CCOC(=O)Nc1ccc(NCc2ccc(F)cc2)nc1N	53276
680	Oc1ccc2c3c1O[C@H]1[C@@H](O)CC[C@@]4(O)[C@@H](C2)N(CC2CCC2)CC[C@]314	5311304
681	CCCC(=O)Nc1ccc(OCC(O)CNC(C)C)c(C(C)=O)c1	1978
682	Cc1nnc2n1-c1ccc(Cl)cc1C(c1ccccc1)=NC2	2118
683	CC1(C)SC2C(NC(=O)Cc3ccccc3)C(=O)N2C1C(=O)O	2349
684	CC1(C)C[C@@H]1C(=O)N/C(=C\CCCCSC[C@H](N)C(=O)O)C(=O)O	6435415
685	C[C@]12CC[C@@H]3c4ccc(O)cc4CC[C@H]3[C@@H]1C[C@@H](O)[C@@H]2O	5756
686	CN1C(C(=O)Nc2ccccn2)=C(O)c2ccccc2S1(=O)=O	54676228
687	C[C@H]1COc2c(N3CCN(C)CC3)c(F)cc3c(=O)c(C(=O)O)cn1c23	149096
688	Cc1cc2c(s1)=Nc1ccccc1NC=2N1CCN(C)CC1	135398745
689	CC(CCc1ccccc1)NCC(O)c1ccc(O)c(C(N)=O)c1	3869
690	C[C@]12C[C@H](O)[C@H]3[C@@H](CCC4=CC(=O)CC[C@@]43C)[C@@H]1CC[C@]2(O)C(=O)CO	5754
691	O=C1CN(/N=C/c2ccc(-c3ccc([N+](=O)[O-])cc3)o2)C(=O)N1	5378825
692	Cc1ncc2n1-c1ccc(Cl)cc1C(c1ccccc1F)=NC2	4192
693	CCCCNc1cc(C(=O)O)cc(S(N)(=O)=O)c1Oc1ccccc1	2471
694	CN1C(=O)CN=C(c2ccccc2)c2cc(Cl)ccc21	3016
695	CN(C)CCCN1c2ccccc2CCc2ccc(Cl)cc21	2801
696	Cc1nnc2n1-c1ccc(Cl)cc1C(c1ccccc1Cl)=NC2	5556
697	C[C@]1(Cn2ccnn2)[C@H](C(=O)O)N2C(=O)C[C@H]2S1(=O)=O	123630
698	CCC(COC(=O)c1cc(OC)c(OC)c(OC)c1)(c1ccccc1)N(C)C	5573
699	COC(=O)C1=C(C)NC(C)=C(C(=O)OC)C1c1ccccc1[N+](=O)[O-]	4485
700	CC(=O)OCC1=C(C(=O)O)N2C(=O)[C@@H](NC(=O)CSc3ccncc3)[C@H]2SC1	30699
701	CC(C)(C)NCC(O)c1cc(O)cc(O)c1	5403
702	Nc1nc(=O)c2ncn(COCCO)c2[nH]1	135398513
703	CC1(C)C(C=C(Cl)Cl)C1C(=O)OCc1cccc(Oc2ccccc2)c1	40326
704	C=C1CC[C@H](O)C/C1=C/C=C1\CCC[C@@]2(C)[C@H]1CC[C@@H]2[C@H](C)/C=C/[C@H](C)C(C)C	5280793
705	NCC(CC(=O)O)c1ccc(Cl)cc1	2284
706	C=C1/C(=C\C=C2/CCC[C@@]3(C)[C@H]2CC[C@@H]3[C@H](C)CCCC(C)C)C[C@@H](O)C[C@@H]1O	5282181
707	CCCN(CCC)C(=O)Cc1c(-c2ccc(Cl)cc2)nc2ccc(Cl)cn12	54897
708	Clc1ccccc1CN1CCc2sccc2C1	5472
709	COc1c(C)c2c(c(O)c1C/C=C(\C)CCC(=O)OCCN1CCOCC1)C(=O)OC2	5281078
710	COc1cccc([C@@]2(O)CCCC[C@@H]2CN(C)C)c1	33741
711	CN1CCN(CCCN2c3ccccc3Sc3ccc(C(F)(F)F)cc32)CC1	5566
712	CCCCC(=O)N(Cc1ccc(-c2ccccc2-c2nn[nH]n2)cc1)[C@H](C(=O)O)C(C)C	60846
713	CN(C)CCOC(c1ccccc1)c1ccccc1	3100
714	COc1ccc(OC)c(C(O)CNC(=O)CN)c1	4195
715	CC(C(=O)O)c1cccc(C(=O)c2ccccc2)c1	3825
716	Cn1c(=O)c2c(ncn2CC(O)CO)n(C)c1=O	3182
717	CN1CCOC(c2ccccc2)c2ccccc2C1	4450
718	NC(N)=NC(N)=NCCc1ccccc1	8249
719	CO[C@@]1(NC(=O)Cc2cccs2)C(=O)N2C(C(=O)O)=C(COC(N)=O)CS[C@@H]21	441199
720	c1ccc2c(c1)Nc1ccccc1S2	7108
721	O=C(O)/C=C/c1ccc(Cn2ccnc2)cc1	5282440
722	Cc1cccc(C)c1NC(=O)C(C)N	38945
723	CC(C)C(=O)c1c(C(C)C)nn2ccccc12	3671
724	CCC(c1ccccc1)c1c(O)c2ccccc2oc1=O	54680692
725	CN1CCN(C(=O)OC2c3nccnc3C(=O)N2c2ccc(Cl)cn2)CC1	5735
726	O=C(c1ccccc1)c1ccc2n1CCC2C(=O)O	3826
727	CN=C(NC#N)NCCSCc1nc[nH]c1C	2756
728	Clc1ccc2c(c1)C(c1ccccc1)=NCc1nncn1-2	3261
729	Cc1c(-c2ccccc2)oc2c(C(=O)OCCN3CCCCC3)cccc2c1=O	3354
730	Cc1ccc(C)c(OCCCC(C)(C)C(=O)O)c1	3463
731	C[C@]12CC(=O)[C@H]3[C@@H](CCC4=CC(=O)C=C[C@@]43C)[C@@H]1CC[C@]2(O)C(=O)CO	5865
732	O=C(O)CCc1nc(-c2ccccc2)c(-c2ccccc2)o1	4614
733	O=C(O)c1cc(-c2ccc(F)cc2F)ccc1O	3059
734	C[C@]12C[C@H](O)[C@H]3[C@@H](CCC4=CC(=O)C=C[C@@]43C)[C@@H]1CC[C@]2(O)C(=O)CO	5755
735	CN1[C@H]2CC[C@@H]1CC(OC(=O)[C@H](CO)c1ccccc1)C2	154417
736	CC(=O)Oc1ccc(C(=C2CCCCC2)c2ccc(OC(C)=O)cc2)cc1	2898
737	CC(C(=O)O)c1ccc(CC2CCCC2=O)cc1	3965
738	N[C@@H](C(=O)N[C@@H]1C(=O)N2C(C(=O)O)=C(Cl)CS[C@H]12)c1ccccc1	51039
739	CC(=O)O[C@]1(C(C)=O)CC[C@H]2[C@@H]3C=C(Cl)C4=CC(=O)CC[C@]4(C)[C@H]3CC[C@@]21C	9324
740	CC1=C(/C=C/C(C)=C/C=C/C(C)=C/CO)C(C)(C)CCC1	445354
741	CCN(CC)CCOc1ccc(C(=C(Cl)c2ccccc2)c2ccccc2)cc1	2800
742	CCC(=O)N(c1ccccc1)C1(C(=O)OC)CCN(CCC(=O)OC)CC1	60815
743	CC(CN1c2ccccc2Sc2ccccc21)N(C)C	4927
744	O=C1CN=C(c2ccccc2)c2cc([N+](=O)[O-])ccc2N1	4506
745	CN(C)CCCN1c2ccccc2CCc2ccccc21	3696
746	CCC1(c2ccccc2)C(=O)NC(=O)NC1=O	4763
747	COc1ccc(CC2c3cc(OC)c(OC)cc3CC[N+]2(C)CCC(=O)OCCCCCOC(=O)CC[N+]2(C)CCc3cc(OC)c(OC)cc3C2Cc2ccc(OC)c(OC)c2)cc1OC	47319
748	CCCCCN(C)CCC(O)(P(=O)(O)O)P(=O)(O)O	60852
749	CCn1cc(C(=O)O)c(=O)c2cc(F)c(N3CCNC(C)C3)c(F)c21	3948
750	C[C@]12CC[C@H]3[C@@H](CC=C4C[C@@H](O)CC[C@@]43C)[C@@H]1CC=C2c1cccnc1	132971
751	C[C@@H](c1ncncc1F)[C@](O)(Cn1cncn1)c1ccc(F)cc1F	71616
752	Cc1ccc(/C(=C\CN2CCCC2)c2cccc(/C=C/C(=O)O)n2)cc1	5284514
753	COc1ccc(CC(C)NCC(O)c2ccc(O)c(NC=O)c2)cc1	3410
754	CCCCCN=C(N)NN/C=C1\C=Nc2ccc(OC)cc21	60918
755	C=C1CC[C@@]2(O)[C@H]3Cc4ccc(O)c5c4[C@@]2(CCN3CC2CC2)[C@H]1O5	5284594
756	CC1(C)O[C@@H]2CO[C@@]3(COS(N)(=O)=O)OC(C)(C)O[C@H]3[C@@H]2O1	5284627
757	C[C@@H](NCCCc1cccc(C(F)(F)F)c1)c1cccc2ccccc12	156419
758	NS(=O)(=O)c1cc(Cl)c(Cl)c(S(N)(=O)=O)c1	3038
759	CN(C)CCc1c[nH]c2ccc(CS(=O)(=O)N3CCCC3)cc12	123606
760	Nc1c(CC(=O)O)cccc1C(=O)c1ccc(Br)cc1	60726
761	CC(=O)N[C@@H]1[C@@H](N=C(N)N)C=C(C(=O)O)O[C@H]1[C@H](O)[C@H](O)CO	60855
762	Clc1ccc2c(c1)CCc1cccnc1C2=C1CCNCC1	124087
763	CCOC(=O)C1=C[C@@H](OC(CC)CC)[C@H](NC(C)=O)[C@@H](N)C1	65028
764	Clc1ccc(C(OCCN2CCCCC2)c2ccccc2)cc1	2805
765	CS(=O)(=O)c1ccc(C2=C(c3ccccc3)C(=O)OC2)cc1	5090
766	Cc1ccc(O)c([C@H](CCN(C(C)C)C(C)C)c2ccccc2)c1	443879
767	CCN(C(C)=O)c1cccc(-c2ccnc3c(C#N)cnn23)c1	5719
768	O=C1Nc2ccc(Cl)cc2[C@@](C#CC2CC2)(C(F)(F)F)O1	64139
769	CN(CCOc1ccc(CC2SC(=O)NC2=O)cc1)c1ccccn1	77999
770	Cc1ccc(-c2ncc(Cl)cc2-c2ccc(S(C)(=O)=O)cc2)cn1	123619
771	CC(C)C[C@H](NC(=O)[C@H](Cc1ccccc1)NC(=O)c1cnccn1)B(O)O	387447
772	CCCN(CCC)CCc1cccc2c1CC(=O)N2	5095
773	CN(C)CC(c1ccc(O)cc1)C1(O)CCCCC1	125017
774	COc1ccnc(CS(=O)c2nc3ccc(OC(F)F)cc3[nH]2)c1OC	4679
775	Cc1ccnc2c1NC(=O)c1cccnc1N2C1CC1	4463
776	Cc1ccc(-c2cc(C(F)(F)F)nn2-c2ccc(S(N)(=O)=O)cc2)cc1	2662
777	Cc1oncc1C(=O)Nc1ccc(C(F)(F)F)cc1	3899
778	Cc1nnc(NS(=O)(=O)c2ccc(N)cc2)s1	5328
779	Cn1c(CCCC(=O)O)nc2cc(N(CCCl)CCCl)ccc21	65628
780	CN(Cc1cc(Br)cc(Br)c1N)C1CCCCC1	2442
781	Cc1ccsc1C(=CCCN1CCC[C@@H](C(=O)O)C1)c1sccc1C	60648
782	O=C1C=CC=C/C1=C1\N/C(=C2/C=CC=CC2=O)N(c2ccc(C(=O)O)cc2)N1	214348
783	CN1C(C(=O)Nc2ccccn2)=C(O)c2sc(Cl)cc2S1(=O)=O	54690031
784	O=P(O)(O)C(O)(Cc1cccnc1)P(=O)(O)O	5245
785	COc1ccc2c3c1O[C@H]1C[C@@H](O)C=C[C@@]31CCN(C)C2	9651
786	CC#CCC(C)[C@H](O)/C=C/[C@@H]1[C@H]2C/C(=C/CCCC(=O)O)C[C@H]2C[C@H]1O	5311181
787	COCCCOc1ccnc(CS(=O)c2nc3ccccc3[nH]2)c1C	5029
788	CC(C)c1cccc(C(C)C)c1OCOP(=O)(O)O	3038498
789	Nc1ncnc2c1ncn2CCOCP(=O)(O)O	60172
790	CCC(=O)NCC[C@@H]1CCc2ccc3c(c21)CCO3	208902
791	O=C(OC1C[C@@H]2CC3C[C@H](C1)N2CC3=O)c1c[nH]c2ccccc12	3033818
792	CC(C)C1CCC(C(=O)N[C@H](Cc2ccccc2)C(=O)O)CC1	5311309
793	O=C1c2cccc3c2[C@H](CCC3)CN1[C@@H]1CN2CCC1CC2	6337614
794	Cc1cnc(NC(=O)C2=C(O)c3ccccc3S(=O)(=O)N2C)s1	54677470
795	C=C1C[C@@H]2[C@H](CC[C@]3(C)C(=O)CC[C@@H]23)[C@@]2(C)C=CC(=O)C=C12	60198
796	O=C(O)COC(=O)Cc1ccccc1Nc1c(Cl)cccc1Cl	71771
797	CCc1ccc(CCOc2ccc(CC3SC(=O)NC3=O)cc2)nc1	4829
798	Cc1[nH]cnc1CN1CCc2c(c3ccccc3n2C)C1=O	2099
799	Cc1ccc(Nc2c(F)cccc2Cl)c(CC(=O)O)c1	151166
800	CCCCCOC(=O)Nc1nc(=O)n([C@@H]2O[C@H](C)[C@@H](O)[C@H]2O)cc1F	60953
801	COc1nc(N)nc2c1ncn2[C@@H]1O[C@H](CO)[C@@H](O)[C@@H]1O	3011155
802	CN(C)CCOC(c1ccc(Cl)cc1)c1ccccn1	2564
803	C[C@]12CC[C@H]3[C@@H](CC=C4C[C@@H](O)CC[C@@]43C)[C@@H]1CCC2=O	5881
804	Cc1cc(/C=C/C#N)cc(C)c1Nc1ccnc(Nc2ccc(C#N)cc2)n1	6451164
805	CCCOC(C(=O)OC1CCN(C)CC1)(c1ccccc1)c1ccccc1	4942
806	CN(C)CCc1c[nH]c2ccc(C[C@H]3COC(=O)N3)cc12	60857
807	C[C@H](Cn1cnc2c(N)ncnc21)OCP(=O)(O)O	464205
808	COC(=O)C1=C(C)NC(C)=C(C(=O)OC(C)C)C1c1cccc2nonc12	3784
809	Nc1nc(NC2CC2)c2ncn([C@H]3C=C[C@@H](CO)C3)c2n1	441300
810	O=C(O[C@H]1CN2CCC1CC2)N1CCc2ccccc2[C@@H]1c1ccccc1	154059
811	Cc1nc(-c2ccc(OCC(C)C)c(C#N)c2)sc1C(=O)O	134018
812	C=C(c1ccc(C(=O)O)cc1)c1cc2c(cc1C)C(C)(C)CCC2(C)C	82146
813	CO[C@H]1O[C@@H]2O[C@@]3(C)CC[C@H]4[C@H](C)CC[C@@H]([C@H]1C)[C@]42OO3	68911
814	O=P(O)(O)C(Sc1ccc(Cl)cc1)P(=O)(O)O	60937
815	C[C@H]1COc2c(C3(N)CC3)c(F)cc3c(=O)c(C(=O)O)cn1c23	65957
816	N#C[C@@H]1C[C@@H]2C[C@@H]2N1C(=O)[C@@H](N)C12CC3CC(CC(O)(C3)C1)C2	11243969
817	Cc1onc(-c2ccccc2)c1-c1ccc(S(N)(=O)=O)cc1	119607
818	CN(C)CCCC1(c2ccc(F)cc2)OCc2cc(C#N)ccc21	2771
819	O=C(C1CCCCC1)N1CC(=O)N2CCc3ccccc3C2C1	4891
820	CCC(CC)[C@H](NC(C)=O)[C@@H]1[C@H](O)[C@@H](C(=O)O)C[C@H]1N=C(N)N	154234
821	CC(OC(=O)NCC1(CC(=O)O)CCCCC1)OC(=O)C(C)C	9883933
822	CNCC[C@H](Oc1cccc2ccccc12)c1cccs1	60835
823	N[C@@H](CCC(=O)N[C@@H](CS)C(=O)NCC(=O)O)C(=O)O	124886
824	C[C@]12COC(=O)C[C@@H]1CC[C@@H]1[C@@H]2CC[C@@]2(C)[C@H]1CC[C@]2(C)O	5878
825	CNS(=O)(=O)CCc1ccc2[nH]cc(C3CCN(C)CC3)c2c1	4440
826	Oc1ccc(C2CNCCc3c2cc(O)c(O)c3Cl)cc1	3341
827	CC(=O)NC[C@H]1CN(c2ccc(N3CCOCC3)c(F)c2)C(=O)O1	441401
828	CCN(CC)C(=O)/C(C#N)=C/c1cc(O)c(O)c([N+](=O)[O-])c1	5281081
829	CN(C)CC/C=C1/c2ccccc2COc2ccc(CC(=O)O)cc21	5281071
830	COc1ccc2c3c1O[C@H]1[C@@H](O)CC[C@H]4[C@@H](C2)N(C)CC[C@]314	5284543
831	CN1CCN(C(c2ccccc2)c2ccc(Cl)cc2)CC1	2710
832	CC(=O)Oc1ccccc1C(=O)Nc1ncc([N+](=O)[O-])s1	41684
833	Nc1cccc2c1CN(C1CCC(=O)NC1=O)C2=O	216326
834	O=C1CCC(N2C(=O)c3ccccc3C2=O)C(=O)N1	5426
835	CNC(=O)c1ccccc1Sc1ccc2c(/C=C/c3ccccn3)n[nH]c2c1	6450551
836	COCC(=O)O[C@]1(CCN(C)CCCc2nc3ccccc3[nH]2)CCc2cc(F)ccc2[C@@H]1C(C)C	60663
837	Cc1ccc(NC(=O)c2ccc(CN3CCN(C)CC3)cc2)cc1Nc1nccc(-c2cccnc2)n1	5291
838	CCc1cc(C(N)=S)ccn1	2761171
839	CCC1=C(C)CN(C(=O)NCCc2ccc(S(=O)(=O)NC(=O)NC3CCC(C)CC3)cc2)C1=O	3476
840	CNC1(C)C2CCC(C2)C1(C)C	4032
841	CCCS(=O)(=O)Nc1ccc(F)c(C(=O)c2c[nH]c3ncc(-c4ccc(Cl)cc4)cc23)c1F	42611257
842	CCCc1nc(C)c2c(=O)nc(-c3cc(S(=O)(=O)N4CCN(CC)CC4)ccc3OCC)[nH]n12	135400189
843	Cc1nc(Nc2ncc(C(=O)Nc3c(C)cccc3Cl)s2)cc(N2CCN(CCO)CC2)n1	3062316
844	Cc1nc2c([nH]1)CCN(C(=O)c1ccc(NC(=O)c3ccccc3-c3ccccc3)cc1)c1ccccc1-2	151171
845	NC[C@H]1O[C@H](O[C@@H]2[C@@H](N)C[C@@H](N)[C@H](O[C@H]3O[C@H](CO)[C@@H](O)[C@H](N)[C@H]3O)[C@H]2O)[C@H](O)[C@@H](O)[C@@H]1O	6032
846	CC1=NN(c2ccccc2)C(=O)C1	4021
847	C[C@@H](O)[C@H]1C(=O)N2C(C(=O)O)=C(S[C@@H]3CN[C@H](C(=O)Nc4cccc(C(=O)O)c4)C3)[C@H](C)[C@H]12	150610
848	N[C@@H](CSCCCO)C(=O)O	134669
849	Cn1c(CNc2ccc(C(=N)N)cc2)nc2cc(C(=O)N(CCC(=O)O)c3ccccn3)ccc21	216210
850	CC(N)C12CC3CC(CC(C3)C1)C2	5071
851	CC(=O)NCCCS(=O)(=O)O	71158
852	CNC(=O)c1cc(Oc2ccc(NC(=O)Nc3ccc(Cl)c(C(F)(F)F)c3)cc2)ccn1	216239
853	C#CCN[C@@H]1CCc2ccccc21	3052776
854	CC(C)Nc1cccnc1N1CCN(C(=O)c2cc3cc(NS(C)(=O)=O)ccc3[nH]2)CC1	5625
855	CC(C)(C(=O)O)c1ccc(C(O)CCCN2CCC(C(O)(c3ccccc3)c3ccccc3)CC2)cc1	3348
856	O[C@H]1CO[C@@H]2[C@H](O)CO[C@H]12	12597
857	CCC[C@H](NC(=O)[C@@H]1[C@H]2CCC[C@H]2CN1C(=O)[C@@H](NC(=O)[C@@H](NC(=O)c1cnccn1)C1CCCCC1)C(C)(C)C)C(=O)C(=O)NC1CC1	3010818
858	C=C1C[C@@H]2CC[C@@]34C[C@H]5O[C@H]6[C@@H](O3)[C@H]3O[C@H](CC[C@@H]3O[C@H]6[C@H]5O4)CC(=O)C[C@H]3[C@H](C[C@H]4O[C@@H](CC[C@@H]1O2)C[C@@H](C)C4=C)O[C@H](C[C@H](O)CN)[C@@H]3OC	11354606
859	COC(=O)C1=C(C)NC(C)=C(C(=O)OC(C)(C)CN(C)CCC(c2ccccc2)c2ccccc2)C1c1cccc([N+](=O)[O-])c1	65866
860	CCC[C@@]1(CCc2ccccc2)CC(O)=C([C@H](CC)c2cccc(NS(=O)(=O)c3ccc(C(F)(F)F)cn3)c2)C(=O)O1	54682461
861	CC(C)(O)c1ccccc1CC[C@@H](SCC1(CC(=O)O)CC1)c1cccc(/C=C/c2ccc3ccc(Cl)cc3n2)c1	5281040
862	CN(C)c1cc(NC(=O)CNC(C)(C)C)c(O)c2c1C[C@H]1C[C@H]3[C@H](N(C)C)C(=O)C(C(N)=O)=C(O)[C@@]3(O)C(=O)C1=C2O	54686904
863	CO[C@H]1/C=C/O[C@@]2(C)Oc3c(C)c(O)c4c(O)c(c5c(nc6cc(C)ccn65)c4c3C2=O)NC(=O)/C(C)=C\C=C\[C@H](C)[C@H](O)[C@@H](C)[C@@H](O)[C@@H](C)[C@H](OC(C)=O)[C@@H]1C	6436173
864	CS(=O)(=O)CCNCc1ccc(-c2ccc3ncnc(Nc4ccc(OCc5cccc(F)c5)c(Cl)c4)c3c2)o1	208908
865	C[C@H]1CNc2c(cccc2S(=O)(=O)N[C@@H](CCCN=C(N)N)C(=O)N2CC[C@@H](C)C[C@@H]2C(=O)O)C1	152951
866	CC[C@@H]1/C=C(\C)C[C@H](C)C[C@H](OC)[C@H]2O[C@@](O)(C(=O)C(=O)N3CCCC[C@H]3C(=O)O[C@H](/C(C)=C/[C@@H]3CC[C@H](Cl)[C@H](OC)C3)[C@H](C)[C@@H](O)CC1=O)[C@H](C)C[C@@H]2OC	6509979
867	C[C@H](N)C(=O)N[C@@H](C)C(=O)NC1[C@@H]2CN(c3nc4c(cc3F)c(=O)c(C(=O)O)cn4-c3ccc(F)cc3F)C[C@H]12	3086677
868	CO[C@H]1C[C@H]2OC[C@@]2(OC(C)=O)[C@H]2[C@H](OC(=O)c3ccccc3)[C@]3(O)C[C@H](OC(=O)[C@H](O)[C@@H](NC(=O)OC(C)(C)C)c4ccccc4)C(C)=C([C@@H](OC)C(=O)[C@]12C)C3(C)C	9854073
869	CCCCc1oc2ccc(NS(C)(=O)=O)cc2c1C(=O)c1ccc(OCCCN(CCCC)CCCC)cc1	208898
870	CO[C@H]1C[C@@H]2CC[C@@H](C)[C@@](O)(O2)C(=O)C(=O)N2CCCC[C@H]2C(=O)O[C@H]([C@H](C)C[C@@H]2CC[C@@H](O)[C@H](OC)C2)CC(=O)[C@H](C)/C=C(\C)[C@@H](O)[C@@H](OC)C(=O)[C@H](C)C[C@H](C)/C=C/C=C/C=C/1C	60150249
871	CO[C@H]1C[C@@H]2CC[C@@H](C)[C@@](O)(O2)C(=O)C(=O)N2CCCC[C@H]2C(=O)O[C@H]([C@H](C)C[C@@H]2CC[C@@H](OCCO)[C@H](OC)C2)CC(=O)[C@H](C)/C=C(\C)[C@@H](O)[C@@H](OC)C(=O)[C@H](C)C[C@H](C)/C=C/C=C/C=C/1C	60150250
872	C/C=C1\NC(=O)[C@H]2CSSCC/C=C\[C@H](CC(=O)N[C@H](C(C)C)C(=O)N2)OC(=O)[C@H](C(C)C)NC1=O	57515973
873	C[C@]12CC[C@H]3[C@@H](CC[C@H]4NC(=O)C=C[C@]34C)[C@@H]1CC[C@@H]2C(=O)Nc1cc(C(F)(F)F)ccc1C(F)(F)F	6918296
874	Cc1nnc(C(C)C)n1C1C[C@@H]2CC[C@H](C1)N2CC[C@H](NC(=O)C1CCC(F)(F)CC1)c1ccccc1	3002977
875	CC[C@H]1OC(=O)[C@H](C)C(=O)[C@H](C)[C@@H](O[C@@H]2O[C@H](C)C[C@H](N(C)C)[C@H]2O)[C@](C)(OC)C[C@@H](C)C(=O)[C@H](C)[C@H]2N(CCCCn3cnc(-c4cccnc4)c3)C(=O)O[C@]12C	3002190
876	CCCC(=O)OCOC(=O)C1=C(C)NC(C)=C(C(=O)OC)C1c1cccc(Cl)c1Cl	153994
877	Cc1cc2c(cc1CC(=O)c1sccc1S(=O)(=O)Nc1onc(C)c1Cl)OCO2	216235
878	C[C@@H](Oc1cc(-c2cnn(C3CCNCC3)c2)cnc1N)c1c(Cl)ccc(F)c1Cl	11626560
879	Cc1cn([C@@H]2C[C@@H](O)[C@H](CO)O2)c(=O)[nH]c1=O	159269
880	N[C@@H](CC(=O)N1CCn2c(nnc2C(F)(F)F)C1)Cc1cc(F)c(F)cc1F	4369359
881	OC(CNCC(O)C1CCc2cc(F)ccc2O1)C1CCc2cc(F)ccc2O1	71301
882	COc1c(N2C[C@@H]3CCCN[C@@H]3C2)c(F)cc2c(=O)c(C(=O)O)cn(C3CC3)c12	152946
883	CCN(CC)C(=O)[C@]1(c2ccccc2)C[C@@H]1CN	65833
884	Nc1nc(=O)n([C@@H]2CS[C@H](CO)O2)cc1F	60877
885	CCS(=O)(=O)CCn1c([N+](=O)[O-])cnc1C	5479
886	CCN(CC)CCNC(=O)c1c(C)[nH]c(/C=C2\C(=O)Nc3ccc(F)cc32)c1C	5329102
887	COc1nc(C)nc(Cl)c1NC1=NCCN1	4810
888	C[N+]1(C)[C@H]2CC(OC(=O)C(O)(c3cccs3)c3cccs3)C[C@@H]1[C@H]1O[C@@H]21	5487427
889	NC(=O)N1c2ccccc2CC(=O)c2ccccc21	34312
890	CNC(=O)c1cnn(-c2nc(N)c3ncn([C@@H]4O[C@H](CO)[C@@H](O)[C@H]4O)c3n2)c1	219024
891	COc1cc2nc(N(C)CCCNC(=O)C3CCCO3)nc(N)c2cc1OC	2092
892	CO/N=C1\CN(c2nc3c(cc2F)c(=O)c(C(=O)O)cn3C2CC2)CC1CN	5464436
893	Clc1ccc2nsnc2c1NC1=NCCN1	5487
894	CNCC[C@@H](Oc1ccccc1C)c1ccccc1	54841
895	CCN(C)C(=O)Oc1cccc([C@H](C)N(C)C)c1	77991
896	O=C1[C@H](CC[C@H](O)c2ccc(F)cc2)[C@@H](c2ccc(O)cc2)N1c1ccc(F)cc1	150311
897	CC(=O)Oc1cc2c(s1)CCN(C(C(=O)C1CC1)c1ccccc1F)C2	6918456
898	NC1[C@@H]2CN(c3nc4c(cc3F)c(=O)c(C(=O)O)cn4-c3ccc(F)cc3F)C[C@H]12	62959
899	Cc1ccccc1C(=O)Nc1ccc(C(=O)N2CCC[C@@H](O)c3cc(Cl)ccc32)c(C)c1	443894
900	COc1cc2ncnc(Nc3ccc(F)c(Cl)c3)c2cc1OCCCN1CCOCC1	123631
901	CCCc1nc(C(C)(C)O)c(C(=O)O)n1Cc1ccc(-c2ccccc2-c2nn[nH]n2)cc1	158781
902	Cc1ccc(-n2[nH]c(C)c(N/N=C3\C=CC=C(c4cccc(C(=O)O)c4)C3=O)c2=O)cc1C	135449332
903	Cc1c(C)c2c(c(C)c1O)CCC(C)(COc1ccc(CC3SC(=O)NC3=O)cc1)O2	5591
904	Cc1ccc(Nc2nccc(N(C)c3ccc4c(C)n(C)nc4c3)n2)cc1S(N)(=O)=O	10113978
905	C[N+]1(CC2CC2)CC[C@]23c4c5ccc(O)c4O[C@H]2C(=O)CC[C@@]3(O)[C@H]1C5	5361918
906	C[C@H]1[C@H](NC(=O)/C(=N\OC(C)(C)C(=O)O)c2csc([NH3+])n2)C(=O)N1S(=O)(=O)[O-]	135747285
907	Cc1cc(C#N)cc(C)c1Oc1nc(Nc2ccc(C#N)cc2)nc(N)c1Br	193962
908	O=C(CS(=O)Cc1ccco1)NC/C=C\COc1cc(CN2CCCCC2)ccn1	5282136
909	CCCN[C@H]1CCc2nc(N)sc2C1	119570
910	NS(=O)(=O)Cc1noc2ccccc12	5734
911	N[C@H](C(=O)O)[C@H](O)c1ccc(O)c(O)c1	92974
912	CCCCC1=NC2(CCCC2)C(=O)N1Cc1ccc(-c2ccccc2-c2nn[nH]n2)cc1	3749
913	COc1ccccc1OCC(O)CN1CCN(CC(=O)Nc2c(C)cccc2C)CC1	56959
914	C[C@@H]1C[C@H]2[C@@H]3CCC4=CC(=O)C=C[C@]4(C)[C@@]3(Cl)[C@@H](O)C[C@]2(C)[C@@]1(O)C(=O)CCl	441335
915	CCCCN1C[C@H](O)[C@@H](O)[C@H](O)[C@H]1CO	51634
916	CC[C@@H](c1cccc(O)c1)[C@@H](C)CN(C)C	9838022
917	N#Cc1ccc(C(c2ccc(C#N)cc2)n2cncn2)cc1	3902
918	COC(c1ccccc1)(c1ccccc1)[C@H](Oc1nc(C)cc(C)n1)C(=O)O	6918493
919	CC/C=C(\C(=O)N[C@@H]1C(=O)N2C(C(=O)O)=C(COC(N)=O)CS[C@H]12)c1csc(N)n1	6436055
920	CCOc1ccccc1OCCN[C@H](C)Cc1ccc(OC)c(S(N)(=O)=O)c1	129211
921	O=C(NC[C@H]1CN(c2ccc(N3CCOCC3=O)cc2)C(=O)O1)c1ccc(Cl)s1	9875401
922	N[C@H]1C(O)O[C@H](CO)[C@@H](O)[C@@H]1O	439213
923	Nc1ncn([C@@H]2O[C@H](CO)[C@@H](O)[C@H]2O)c(=O)n1	9444
924	CN[C@@H]1CCc2[nH]c3ccc(C(N)=O)cc3c2C1	77992
925	Cc1c(O)cccc1C(=O)N[C@@H](CSc1ccccc1)[C@H](O)CN1C[C@H]2CCCC[C@H]2C[C@H]1C(=O)NC(C)(C)C	64143
926	O=C(CCCCCCC(=O)Nc1ccccc1)NO	5311
927	C[C@H](O)[C@H](O)[C@H]1CNc2[nH]c(N)nc(=O)c2N1	135398654
928	CC12CC3CC(C)(C1)CC(N)(C3)C2	4054
929	CC[C@@H](C(N)=O)N1CCCC1=O	5284583
930	CCCc1nn(C)c2c(=O)nc(-c3cc(S(=O)(=O)N4CCN(C)CC4)ccc3OCC)[nH]c12	135398744
931	CC(C)c1nc(N(C)S(C)(=O)=O)nc(-c2ccc(F)cc2)c1/C=C/[C@@H](O)C[C@@H](O)CC(=O)O	446157
932	CN1CCc2cccc3c2[C@H]1Cc1ccc(O)c(O)c1-3	6005
933	CCOc1nc2cccc(C(=O)O)c2n1Cc1ccc(-c2ccccc2-c2nn[nH]n2)cc1	2541
934	O=C(c1ccc(OCCN2CCCCC2)cc1)c1c(-c2ccc(O)cc2)sc2cc(O)ccc12	5035
935	CCOC(=O)CN[C@@H](C(=O)N1CC[C@H]1C(=O)NCc1ccc(/C(N)=N/O)cc1)C1CCCCC1	5478933
936	CC(C)C[C@H](CN)CC(=O)O	5486971
937	C=CC1=C(C(=O)O)N2C(=O)[C@@H](NC(=O)/C(=N\O)c3csc(N)n3)[C@H]2SC1	6399253
938	CN(C)CCc1c[nH]c2ccc(Cn3cncn3)cc12	5078
939	CN1C(CSCC(F)(F)F)Nc2cc(Cl)c(S(N)(=O)=O)cc2S1(=O)=O	4870
940	Cc1cccc(C)c1OCC(=O)N[C@@H](Cc1ccccc1)[C@@H](O)C[C@H](Cc1ccccc1)NC(=O)[C@H](C(C)C)N1CCCNC1=O	92727
941	COCCCOc1cc(C[C@@H](C[C@H](N)[C@@H](O)C[C@H](C(=O)NCC(C)(C)C(N)=O)C(C)C)C(C)C)ccc1OC	5493444
942	CC(C)CN(C[C@@H](O)[C@H](Cc1ccccc1)NC(=O)O[C@H]1CO[C@H]2OCC[C@@H]12)S(=O)(=O)c1ccc(N)cc1	213039
943	Cc1nc2n(c(=O)c1CCN1CCC(c3noc4cc(F)ccc34)CC1)CCCC2O	115237
944	CCCCc1ncc(/C=C(\Cc2cccs2)C(=O)O)n1Cc1ccc(C(=O)O)cc1	5281037
945	C[C@H](Cc1cc2c(c(C(N)=O)c1)N(CCCO)CC2)NCCOc1ccccc1OCC(F)(F)F	5312125
946	CCCCCCCCCCC[C@@H](C[C@@H]1OC(=O)[C@H]1CCCCCC)OC(=O)[C@H](CC(C)C)NC=O	3034010
947	CS(=O)(=O)c1ccc(C(=O)Nc2ccc(Cl)c(-c3ccccn3)c2)c(Cl)c1	24776445
948	Cn1nnc2c(C(N)=O)ncn2c1=O	5394
949	NC1=NCC2c3ccccc3Cc3ccccc3N12	3241
950	c1cc(CN2CCCNCCNCCCNCC2)ccc1CN1CCCNCCNCCCNCC1	65015
951	CO/N=C(\C(=O)N[C@@H]1C(=O)N2C(C(=O)O)=C(/C=C\c3scnc3C)CS[C@H]12)c1csc(N)n1	72543801
952	COc1ccccc1Oc1c(NS(=O)(=O)c2ccc(C(C)(C)C)cc2)nc(-c2ncccn2)nc1OCCO	104865
953	NC(=O)C(c1ccccc1)(c1ccccc1)[C@@H]1CCN(CCc2ccc3c(c2)CCO3)C1	444031
954	FC(F)(F)C(F)(F)C(F)(F)F	6432
955	CC(C)(C)NC(=O)N[C@H](C(=O)N1C[C@H]2[C@@H]([C@H]1C(=O)NC(CC1CCC1)C(=O)C(N)=O)C2(C)C)C(C)(C)C	10324367
956	Cc1ncc(COP(=O)(O)O)c(C=O)c1O	1051
957	COC(=O)[C@@H]1CC2=CC(=O)CC[C@]2(C)[C@@]23O[C@@H]2C[C@@]2(C)[C@@H](CC[C@@]24CCC(=O)O4)[C@H]13	443872
958	O=C1Cc2cc(CCN3CCN(c4nsc5ccccc45)CC3)c(Cl)cc2N1	60854
959	Clc1ccc(CCC(Cn2ccnc2)Sc2c(Cl)cccc2Cl)cc1	47472
960	CC#C[C@]1(O)CC[C@H]2[C@@H]3CCC4=CC(=O)CCC4=C3[C@@H](c3ccc(N(C)C)cc3)C[C@@]21C	55245
961	CC(C)C(=O)Oc1ccc(CO)cc1[C@H](CCN(C(C)C)C(C)C)c1ccccc1	6918558
962	CCCc1nc2c(C)cc(-c3nc4ccccc4n3C)cc2n1Cc1ccc(-c2ccccc2C(=O)O)cc1	65999
963	CCCCS(=O)(=O)N[C@@H](Cc1ccc(OCCCCC2CCNCC2)cc1)C(=O)O	60947
964	COC(F)(F)C(Cl)Cl	4116
965	C[C@H]1CN(C[C@H](Cc2ccccc2)C(=O)NCC(=O)O)CC[C@@]1(C)c1cccc(O)c1	5488548
966	CC(C)c1nc(CN(C)C(=O)N[C@@H](CCN2CCOCC2)C(=O)N[C@H](CC[C@H](Cc2ccccc2)NC(=O)OCc2cncs2)Cc2ccccc2)cs1	25151504
967	CC[C@@H]([C@H](C)O)n1ncn(-c2ccc(N3CCN(c4ccc(OC[C@@H]5CO[C@@](Cn6cncn6)(c6ccc(F)cc6F)C5)cc4)CC3)cc2)c1=O	468595
968	COC(=O)N[C@H](C(=O)N[C@@H](Cc1ccccc1)[C@@H](O)CN(Cc1ccc(-c2ccccn2)cc1)NC(=O)[C@@H](NC(=O)OC)C(C)(C)C)C(C)(C)C	148192
969	Cc1nnc(C(=O)NC(C)(C)c2nc(C(=O)NCc3ccc(F)cc3)c(O)c(=O)n2C)o1	54671008
970	NCC(=O)CCC(=O)O	137
971	Cc1ccc(C(=O)c2cc(O)c(O)c([N+](=O)[O-])c2)cc1	4659569
972	CN1CCC[C@@H]1Cc1c[nH]c2ccc(CCS(=O)(=O)c3ccccc3)cc12	77993
973	OCCOCCN1CCN(C2=Nc3ccccc3Sc3ccccc32)CC1	5002
974	C=C1[C@@H](n2cnc3c(=O)nc(N)[nH]c32)C[C@H](O)[C@H]1CO	135398508
975	C#Cc1cccc(Nc2ncnc3cc(OCCOC)c(OCCOC)cc23)c1	176870
976	C[C@@H]1CC[C@H]2[C@@H](C)[C@H](OC(=O)CCC(=O)O)O[C@@H]3O[C@@]4(C)CC[C@@H]1[C@@]23OO4	6917864
977	COc1cc2c(cc1O)CCN[C@]21CS[C@@H]2c3c(OC(C)=O)c(C)c4c(c3[C@H](COC1=O)N1[C@@H](O)[C@@H]3Cc5cc(C)c(OC)c(O)c5[C@H]([C@H]21)N3C)OCO4	108150
978	COCc1c(C(C)C)nc(C(C)C)c(/C=C/[C@@H](O)C[C@@H](O)CC(=O)O)c1-c1ccc(F)cc1	446156
979	C/C(=N\O)[C@@H](C)NCC(C)(C)CN[C@H](C)/C(C)=N/O	5462077
980	NC(=O)CS(=O)C(c1ccccc1)c1ccccc1	4236
981	CO[C@H]1/C=C/O[C@@]2(C)Oc3c(C)c(O)c4c(c3C2=O)C(=O)/C(=C/NN2CCN(C3CCCC3)CC2)C(=C4O)NC(=O)/C(C)=C\C=C\[C@H](C)[C@H](O)[C@@H](C)[C@@H](O)[C@@H](C)[C@H](OC(C)=O)[C@@H]1C	135968625
982	COc1ccc2[nH]cc(CCNC(C)=O)c2c1	896
983	CCOc1cc(CC(=O)N[C@@H](CC(C)C)c2ccccc2N2CCCCC2)ccc1C(=O)O	65981
984	O=C(OC1C[C@@H]2CC[C@H](C1)[N+]21CCCC1)C(O)(c1ccccc1)c1ccccc1	5284632
985	c1cnc2cc3c(cc2n1)[C@H]1CNC[C@@H]3C1	5310966
986	CCCCC(F)(F)[C@@]1(O)CC[C@H]2[C@@H](CC(=O)[C@@H]2CCCCCCC(=O)O)O1	157920
987	O=P(O)(O)C(O)(Cn1ccnc1)P(=O)(O)O	68740
988	O=C(O)P(=O)(O)O	3415
989	O=C1CCc2ccc(OCCCCN3CCN(c4cccc(Cl)c4Cl)CC3)cc2N1	60795
990	CN(CCOc1ccc(NS(C)(=O)=O)cc1)CCc1ccc(NS(C)(=O)=O)cc1	71329
991	CC(C)CC(N(C)C)C1(c2ccc(Cl)cc2)CCC1	5210
992	CN1CC(=O)N2[C@H](Cc3c([nH]c4ccccc34)[C@H]2c2ccc3c(c2)OCO3)C1=O	110635
993	CCC1OC(=O)C(C)C(OC2CC(C)(OC)C(O)C(C)O2)C(C)C(OC2OC(C)CC(N(C)C)C2O)C(C)(O)CC(C)CN(C)C(C)C(O)C1(C)O	2269
994	CNC1CCC(c2ccc(Cl)c(Cl)c2)c2ccccc21	5203
995	Cn1nnnc1SCC1=C(C(=O)O)N2C(=O)C(NC(=O)C(O)c3ccccc3)C2SC1	2614
996	CC(C)=CCN1CCC2(C)c3cc(O)ccc3CC1C2C	4736
997	Cc1nc([N+](=O)[O-])cn1-c1ccc([N+](=O)[O-])cc1	71900
998	COc1cc(C2c3cc4c(cc3C(OC3OC5COC(C)OC5C(O)C3O)C3COC(=O)C23)OCO4)cc(OC)c1O	3310
999	COC12C(COC(N)=O)C3=C(C(=O)C(C)=C(N)C3=O)N1CC1NC12	351727
1000	Cc1cn(C2CC(N=[N+]=[N-])C(CO)O2)c(=O)[nH]c1=O	5726
1001	O=c1[nH]c(=O)n(C2CC(O)C(CO)O2)cc1I	3687
1002	O=c1[nH]c(=O)n(C2CC(O)C(CO)O2)cc1F	3363
1003	COC1CC(OC2C(C)C(=O)OC(C)C(C)C(OC(C)=O)C(C)C(=O)C3(CO3)CC(C)C(OC3OC(C)CC(N(C)C)C3OC(C)=O)C2C)OC(C)C1OC(C)=O	418931
1004	Nc1cc(-c2ccncc2)c[nH]c1=O	3698
1005	COc1ccc2c(c1)C13CCCCC1C(C2)N(C)CC3	3008
1006	Nc1ncn(C2OC(CO)C(O)C2O)c(=O)n1	1805
1007	COc1cc2c(c3oc(=O)c4c(c13)CCC4=O)C1C=COC1O2	14403
1008	C=C1CCC2(O)C3Cc4ccc(O)c5c4C2(CCN3CC2CC2)C1O5	4422
1009	CCc1oc2ccccc2c1C(=O)c1ccc(O)cc1	255968
1010	CCC1OC(=O)C(C)C(OC2CC(C)(OC)C(O)C(C)O2)C(C)C(OC2OC(C)CC(N(C)C)C2O)C(C)(O)CC(C)C(=O)C(C)C(O)C1(C)O	3255
1011	CCC1OC(=O)C(C)C(OC2CC(C)(OC)C(O)C(C)O2)C(C)C(OC2OC(C)CC(N(C)C)C2O)C(C)(OC)CC(C)C(=O)C(C)C(O)C1(C)O	4663848
1012	CN(Cc1cnc2nc(N)nc(N)c2n1)c1ccc(C(=O)NC(CCC(=O)O)C(=O)O)cc1	4112
1013	CCC1(O)C(=O)OCc2c1cc1n(c2=O)Cc2cc3c(CN(C)C)c(O)ccc3nc2-1	5515
1014	Cc1cn(C2C=CC(CO)O2)c(=O)[nH]c1=O	5155
1015	CC(=O)CC(c1ccc([N+](=O)[O-])cc1)c1c(O)oc2ccccc2c1=O	54676537
1016	CN1CCC23c4c5ccc(O)c4OC2C(=O)CCC3(O)C1C5	4639
1017	COc1ccc2c3c1OC1C(=O)CCC4C(C2)N(C)CCC314	411697
1018	CN1CCC23c4c5ccc(O)c4OC2C(=O)CCC3C1C5	3648
1019	COc1ccc2c3c1OC1C(=O)CCC4(O)C(C2)N(C)CCC314	4635
1020	CC12CCC3c4ccc(O)cc4CCC3C1CCC2O	450
1021	CN1CCC(Nc2ncc3ncnc(Nc4ccc(F)c(Cl)c4)c3n2)CC1	6918508
1022	CC(=O)OC1C(=O)C2(C)C(O)CC3OCC3(OC(C)=O)C2C(OC(=O)c2ccccc2)C2(O)CC(OC(=O)C(O)C(NC(=O)c3ccccc3)c3ccccc3)C(C)=C1C2(C)C	4666
1023	Nc1ccn(C2CSC(CO)O2)c(=O)n1	3877
1024	Nc1nc(=O)n(C2CSC(CO)O2)cc1F	9837769
1025	NC(C(=O)O)C1CC(Cl)=NO1	2007
1026	COC(c1ccccc1)(c1ccccc1)C(Oc1nc(C)cc(C)n1)C(=O)O	197712
1027	Cc1ccc2cc3c(ccc4ccccc43)c3c2c1CC3	1674
1028	CN1CCCC1CCOC(C)(c1ccccc1)c1ccc(Cl)cc1	2781
1029	NCCC(O)C(=O)NC1CC(N)C(OC2OC(CN)C(O)C(O)C2O)C(O)C1OC1OC(CO)C(O)C(N)C1O	2142
1030	NCC1OC(OC2C(N)CC(N)C(OC3OC(CO)C(O)C(N)C3O)C2O)C(O)C(O)C1O	815
1031	CCC1C(=O)OCC1Cc1cncn1C	4819
1032	CN(C)C1C(=O)C(C(N)=O)=C(O)C2(O)C(=O)C3=C(O)c4c(O)ccc(Cl)c4C(O)C3CC12	54680103
1033	CNCCC(Oc1cccc2ccccc12)c1cccs1	122252
1034	CN1c2ccccc2C(NCCCCCCC(=O)O)c2ccc(Cl)cc2S1(=O)=O	68870
1035	COc1c(N2CC3CCCNC3C2)c(F)cc2c(=O)c(C(=O)O)cn(C3CC3)c12	4259
1036	OCC1OC(OC2C(CO)OC(O)(CO)C2O)C(O)C(O)C1O	3872
1037	O=C1C(CCS(=O)c2ccccc2)C(=O)N(c2ccccc2)N1c1ccccc1	5342
1038	Nc1ccc(N=Nc2ccccc2)c(N)n1	4756
1039	CCN(CC)CCOCCOC(=O)C1(c2ccccc2)CCCC1	2562
1040	CC(C)(C)NCC(O)COc1ccccc1C1CCCC1	4724
1041	COC(=O)Nc1nc2ccccc2[nH]1	25429
1042	CCCOc1ccc2nc(NC(=O)OC)[nH]c2c1	4622
1043	Cc1c(F)c(N2CCNC(C)C2)cc2c1c(=O)c(C(=O)O)cn2C1CC1	72474
1044	CCOC(=O)C(CCc1ccccc1)NC1CCc2ccccc2N(CC(=O)O)C1=O	2311
1045	COC1C=COC2(C)Oc3c(C)c(O)c4c(c3C2=O)C(=O)C(=CNN2CCN(C)CC2)C(=C4O)NC(=O)C(C)=CC=CC(C)C(O)C(C)C(O)C(C)C(OC(C)=O)C1C	135512673
1046	CCOC1OC(=O)CC1NC(=O)C1CCCN2C(=O)CCC(NC(=O)c3nccc4ccccc34)C(=O)N12	11364450
1047	CCOC(=O)C(CCc1ccccc1)NC(C)C(=O)N1Cc2ccccc2CC1C(=O)O	5005
1048	Cc1ccc(O)c(C(CCN(C(C)C)C(C)C)c2ccccc2)c1	5512
1049	CC1OC(OC2C(O)CC(OC3C(O)CC(OC4CCC5(C)C(CCC6C5CC(O)C5(C)C(C7=CC(=O)OC7)CCC65O)C4)OC3C)OC2C)CC(O)C1O	3062
1050	CCCCN1C(=O)C(C(O)C2CCCCC2)NC(=O)C12CCN(Cc1ccc(Oc3ccc(C(=O)O)cc3)cc1)CC2	9938121
1051	CN1CCCCC1CCN1c2ccccc2Sc2ccc(S(C)=O)cc21	4078
1052	O=C1OC(C(O)CO)C(O)=C1O	54676860
1053	CC(C)(C)NC(=O)C1CN(Cc2cccnc2)CCN1CC(O)CC(Cc1ccccc1)C(=O)NC1c2ccccc2CC1O	3706
1054	CCC(C)C(=O)OC1CC(C)C=C2C=CC(C)C(CCC3CC(O)CC(=O)O3)C21	3962
1055	CCC(C)(C)C(=O)OC1CC(C)C=C2C=CC(C)C(CCC3CC(O)CC(=O)O3)C21	4677798
1056	CCC(C)n1ncn(-c2ccc(N3CCN(c4ccc(OCC5COC(Cn6cncn6)(c6ccc(Cl)cc6Cl)O5)cc4)CC3)cc2)c1=O	3793
1057	COc1ccc(C2Sc3ccccc3N(CCN(C)C)C(=O)C2OC(C)=O)cc1	3076
1058	O=c1nc[nH]c2c1ncn2C1CCC(CO)O1	135422442
1059	O=C(O)CCCCC1SCC2NC(=O)NC21	253
1060	CC1OC(OC2C(CO)OC(OC3C(CO)OC(O)C(O)C3O)C(O)C2O)C(O)C(O)C1NC1C=C(CO)C(O)C(O)C1O	4432690
1061	C=C1C(CO)C(O)CC1n1cnc2c(=O)nc(N)[nH]c21	135605572
1062	CCC(C)C1NC(=O)C(Cc2ccc(O)cc2)NC(=O)C(N)CSSCC(C(=O)N2CCCC2C(=O)NC(CC(C)C)C(=O)NCC(N)=O)NC(=O)C(CC(N)=O)NC(=O)C(CCC(N)=O)NC1=O	5771
1063	O=C(O)C1=CC(=NNc2ccc(S(=O)(=O)Nc3ccccn3)cc2)C=CC1=O	5339
1064	CC(C)c1c(C(=O)Nc2ccccc2)c(-c2ccccc2)c(-c2ccc(F)cc2)n1CCC(O)CC(O)CC(=O)O	2250
1065	COc1cc(O)c(C(=O)c2ccccc2)cc1S(=O)(=O)O	19988
1066	OCC1OC(n2cnc3c2NC=NCC3O)CC1O	4739
1067	CC(C)(O)c1ccccc1CCC(SCC1(CC(=O)O)CC1)c1cccc(C=Cc2ccc3ccc(Cl)cc3n2)c1	4248
1068	CC(C)CC(NC(=O)C(Cc1ccccc1)NC(=O)c1cnccn1)B(O)O	5213527
1069	CC(Cn1cnc2c(N)ncnc21)OCP(=O)(O)O	64987
1070	Cc1cc(C(=O)NNCc2ccccc2)no1	3759
1071	CC(C)CC1NC(=O)C(Cc2ccccc2)NC(=O)C(CCN)NC(=O)C(NC(=O)C(CCN)NC(=O)C(NC(=O)C(CCN)NC(=O)O)C(C)O)CCNC(=O)C(C(C)O)NC(=O)C(CCN)NC(=O)C(CCN)NC1=O	21863028
1072	CON=C(N)c1ccc(-c2ccc(-c3ccc(C(N)=NOC)cc3)o2)cc1	459963
1073	COC1C(OC(N)=O)C(O)C(Oc2ccc3c(=O)c(NC(=O)c4ccc(O)c(CC=C(C)C)c4)c(O)oc3c2C)OC1(C)C	54678491
1074	COc1cccc2c1C(=O)c1c(O)c3c(c(O)c1C2=O)CC(O)(C(=O)CO)CC3OC1CC(N)C(O)C(C)O1	1691
1075	CC1c2cccc(O)c2C(O)=C2C(=O)C3(O)C(=O)C(=C(N)O)C(=O)C(N(C)C)C3C(O)C21	54681536
1076	C=C1CC2C(CCC3(C)C(=O)CCC23)C2(C)C=CC(=O)C=C12	4460995
1077	CON=C(C(=O)NC1C(=O)N2C(C(=O)O)=C(CSc3nc(=O)c(=O)[nH]n3C)CSC12)c1csc(N)n1	2657
1078	CC12CC(=CO)C(=O)CC1CCC1C2CCC2(C)C1CCC2(C)O	4638
1079	CNCCCC12CCC(c3ccccc31)c1ccccc12	4011
1080	CC(=O)OC12COC1CC(O)C1(C)C(=O)C(O)C3=C(C)C(OC(=O)C(O)C(NC(=O)OC(C)(C)C)c4ccccc4)CC(O)(C(OC(=O)c4ccccc4)C21)C3(C)C	3143
1081	CC(C=CC1=C(C)CCCC1(C)C)=CC=CC(C)=CCO	1071
1082	CN1CCN(C(c2ccccc2)c2ccccc2)CC1	6726
1083	OCCOCCN1CCN(C(c2ccccc2)c2ccc(Cl)cc2)CC1	3658
1084	CNC1C(OC2C(OC3C(O)C(O)C(N=C(N)N)C(O)C3N=C(N)N)OC(C)C2(O)C=O)OC(CO)C(O)C1O	5297
1085	CC(C)n1c(C=CC(O)CC(O)CC(=O)O)c(-c2ccc(F)cc2)c2ccccc21	3403
1086	CN(C)CCn1nnnc1SCC1=C(C(=O)O)N2C(=O)C(NC(=O)Cc3csc(N)n3)C2SC1	2635
1087	CCC(=C(c1ccccc1)c1ccc(OCCN(C)C)cc1)c1ccccc1	5376
1088	CC(C)(C)NCC(O)COc1cccc2c1CC(O)C(O)C2	4411
1089	COCC(=O)OC1(CCN(C)CCCc2nc3ccccc3[nH]2)CCc2cc(F)ccc2C1C(C)C	5230270
1090	NC(Cc1cc(I)c(Oc2ccc(O)c(I)c2)c(I)c1)C(=O)O	861
1091	NC(N)=Nc1nc(CSCCN=CNS(=O)(=O)c2ccc(Br)cc2)cs1	65869
1092	C=C1c2cccc(O)c2C(O)=C2C(=O)C3(O)C(O)=C(C(N)=O)C(=O)C(N(C)C)C3C(O)C12	54676011
1093	COc1ccc(CN(CCN(C)C)c2ccccn2)cc1	4992
1094	CC(C)c1nc(CN(C)C(=O)NC(C(=O)NC(Cc2ccccc2)CC(O)C(Cc2ccccc2)NC(=O)OCc2cncs2)C(C)C)cs1	5076
1095	O=C1CN(N=Cc2ccc([N+](=O)[O-])o2)C(=O)N1	4509
1096	CNC1C(O)C(NC)C2OC3(O)C(=O)CC(C)OC3OC2C1O	2021
1097	COC1C=COC2(C)Oc3c(C)c(O)c4c(c3C2=O)C2=NC3(CCN(CC(C)C)CC3)NC2=C(NC(=O)C(C)=CC=CC(C)C(O)C(C)C(O)C(C)C(OC(C)=O)C1C)C4=O	136968143
1098	OCC1OC(OC2C(CO)OC(O)C(O)C2O)C(O)C(O)C1O	294
1099	CC1(C)NC(=O)N(c2ccc([N+](=O)[O-])c(C(F)(F)F)c2)C1=O	4493
1100	CN1CCCN=C1C=Cc1cccs1	4989
1101	CC1=C(CC(=O)O)c2cc(F)ccc2C1=Cc1ccc(S(C)=O)cc1	5352
1102	CC(=O)Nc1ccc2c(c1)Cc1ccccc1-2	5897
1103	CC1=C(C(=O)O)N2C(=O)C(NC(=O)C(N)c3ccc(O)cc3)C2SC1	2610
1104	CN(CC=CC#CC(C)(C)C)Cc1cccc2ccccc12	5402
1105	S=C=Nc1cccc2ccccc12	11080
1106	CC(=CCC1=C(C)C(=O)c2ccccc2C1=O)CCCC(C)CCCC(C)CCCC(C)C	4812
1107	CC(C)(C)NC(=O)C1CC2CCCCC2CN1CC(O)C(Cc1ccccc1)NC(=O)C(CC(N)=O)NC(=O)c1ccc2ccccc2n1	3579812
1108	CN1C2CC(OC(=O)C(CO)c3ccccc3)CC1C1OC12	5184
1109	CN1C2CCC1CC(OC(c1ccccc1)c1ccccc1)C2	2344
1110	CCCCCC(O)C=CC1C(O)CC(=O)C1CC=CCCCC(=O)O	158
1111	CCCCCC(O)C=CC1C(O)CC(=O)C1CCCCCCC(=O)O	214
1112	CC(=O)NC1C(O)OC(CO)C(OS(=O)(=O)[O-])C1OC1OC(C(=O)[O-])C(O)C(O)C1O	53420572
1113	CC(COc1ccccc1)NC(C)C(O)c1ccc(O)cc1	3783
1114	CNC(=O)Oc1ccc2c(c1)C1(C)CCN(C)C1N2C	4811
1115	Cc1nc(C)c2c(n1)N(Cc1ccc(-c3ccccc3-c3nn[nH]n3)cc1)C(=O)CC2	60919
1116	CC1C=CC=CCCC=CC=CC=CC=CC(OC2OC(C)C(O)C(N)C2O)CC(O)C(C(=O)O)C(O)CC(=O)CC(O)C(O)CCC(O)CC(O)CC(O)CC(=O)OC(C)C(C)C1O	3468412
1117	CCCCCCCCCCCC(CC1OC(=O)C1CCCCCC)OC(=O)C(CC(C)C)NC=O	4599
1118	CC(CCC(=O)O)C1CCC2C3C(O)CC4CC(O)CCC4(C)C3CCC12C	5645
1119	NC1C2CN(c3nc4c(cc3F)c(=O)c(C(=O)O)cn4-c3ccc(F)cc3F)CC12	481696
1120	CC(C)CN(CC(O)C(Cc1ccccc1)NC(=O)OC1COC2OCCC12)S(=O)(=O)c1ccc(N)cc1	23545473
1121	CC12CCC3C4CCC(=O)C=C4CCC3C1CCC2O	220503
1122	CC(=O)C1(O)CCC2C3CC(C)C4=CC(=O)CCC4(C)C3CCC21C	541103
1123	CC12CCC(=O)C=C1CCC1C3CCC(O)(C(=O)CO)C3(C)CC(O)C12F	541123
1124	C#CC1(O)CCC2C3CCC4=CC(=O)CCC4C3CCC21C	4536
1125	CC12CCC(=O)C=C1CCC1C2C(O)CC2(C)C1CCC2(O)C(=O)CO	3640
1126	Cc1c2oc3c(C)ccc(C(=O)NC4C(=O)NC(C(C)C)C(=O)N5CCCC5C(=O)N(C)CC(=O)N(C)C(C(C)C)C(=O)OC4C)c3nc-2c(C(=O)NC2C(=O)NC(C(C)C)C(=O)N3CCCC3C(=O)N(C)CC(=O)N(C)C(C(C)C)C(=O)OC2C)c(N)c1=O	2019
1127	OCC(O)C(O)C(O)C(O)CO	453
1128	CS(C)=O	679
1129	C[N+](C)(C)CC(O)CC(=O)[O-]	288
1130	CC(C)(CO)C(O)C(=O)NCCC(=O)O	988
1131	CC(C)(CO)C(O)C(=O)NCCCO	4678
1132	C[Si](C)(C)O[Si](C)(C)O[Si](C)(C)C	24705
1133	OC(O)C(Cl)(Cl)Cl	2707
1134	CC(C)CC(CN)CC(=O)O	4715169
1135	CSCCC(N)C(=O)O	876
1136	NC(N)=NCCCC(N)C(=O)O	232
1137	NC(CO)(CO)CO	6503
1138	CN1c2c(oc(=O)n(-c3ccccn3)c2=O)-c2ccccc2S1(=O)=O	65679
1139	CCOC(Nc1ccc(C(=O)O)cc1)C(=O)c1ccc(-c2ccccc2)cc1	239062
1140	C=C1CCC(O)CC1=CC=C1CCCC2(C)C1CCC2C(C)C=CC(C)C(C)C	3249
1141	C=C1CCC(O)CC1=CC=C1CCCC2(C)C1CCC2C(C)CCCC(C)C	2735
1142	Nc1ccn(C2OC(CO)C(O)C2O)c(=O)n1	596
1143	Nc1ccn(C2CCC(CO)O2)c(=O)n1	5718
1144	CCCCCOC(=O)Nc1nc(=O)n(C2OC(C)C(O)C2O)cc1F	400633
1145	C[N+](C)(C)CCOP(=O)([O-])OP(=O)(O)OCC1OC(n2ccc(N)nc2=O)C(O)C1O	13013858
1146	CC12COC(=O)CC1CCC1C2CCC2(C)C1CCC2(C)O	249098
1147	CN(N=O)C(=O)NC1C(O)OC(CO)C(O)C1O	5300
1148	CN1CCC23c4c5ccc(O)c4OC2C(O)C=CC3C1C5	4253
1149	COc1ccc2c3c1OC1C(O)C=CC4C(C2)N(C)CCC341	2828
1150	CN(C)CCCC1c2ccccc2Nc2ccc(Cl)cc21	21382
1151	Cc1onc(-c2c(Cl)cccc2Cl)c1C(=O)NC1C(=O)N2C1SC(C)(C)C2C(=O)O	3041
1152	Cc1onc(-c2ccccc2Cl)c1C(=O)NC1C(=O)N2C1SC(C)(C)C2C(=O)O	2814
1153	C=CC[N+]1(C2CC3C4CCC5CC(O)C(N6CCOCC6)CC5(C)C4CCC3(C)C2OC(C)=O)CCCC1	4460698
1154	O=C1C=CC=CC1=C1NC(=C2C=CC=CC2=O)N(c2ccc(C(=O)O)cc2)N1	214348
1155	O=C1CCc2cc(OCCCCc3nnnn3C3CCCCC3)ccc2N1	2754
1156	O=C(NC(CO)C(O)c1ccc([N+](=O)[O-])cc1)C(Cl)Cl	298
1157	CNC(C)C(O)c1ccccc1	5032
1158	CC(C)NCC(O)c1cc(O)cc(O)c1	4086
1159	CNC(C)Cc1ccccc1	1206
1160	Nc1ccc(C(=O)O)cc1	978
1161	NC(=O)NS(=O)(=O)c1ccc(N)cc1	11033
1162	NCC(O)c1ccc(O)c(O)c1	951
1163	CC(=O)Nc1cccc(O)c1	12124
1164	CC(N)(Cc1ccc(O)cc1)C(=O)O	3125
1165	COc1cc(CNC(=O)CCCCC=CC(C)C)ccc1O	2548
1166	C#CCN(C)C(C)Cc1ccccc1	5195
1167	CC(N)C(O)c1ccccc1	4786
1168	C=CCOc1ccc(CC(=O)O)cc1Cl	30951
1169	CC(Cc1ccc(O)c(O)c1)(NN)C(=O)O	2563
1170	NC(=O)c1ccccc1O	5147
1171	COCCCOc1cc(CC(CC(N)C(O)CC(C(=O)NCC(C)(C)C(N)=O)C(C)C)C(C)C)ccc1OC	21902176
1172	CN(C)C(=O)Oc1cc(OC(=O)N(C)C)cc(C(O)CNC(C)(C)C)c1	54766
1173	CC[N+](C)(C)c1cccc(O)c1	3202
1174	N#CC(C#N)=NNc1ccc(OC(F)(F)F)cc1	3330
1175	CNCC(O)c1ccc(O)c(O)c1	838
1176	CCCCCCc1ccc(O)cc1O	3610
1177	CC(O)C(=O)Nc1c(I)c(C(=O)NC(CO)CO)c(I)c(C(=O)NC(CO)CO)c1I	3734
1178	NC(Cc1ccc(O)c(O)c1)C(=O)O	836
1179	CCN(CC)CCOc1cccc(OCCN(CC)CC)c1OCCN(CC)CC	67425
1180	CC(CO)NC(=O)C1C=C2c3cccc4[nH]cc(c34)CC2N(C)C1	3250
1181	CCC(CO)NC(=O)C1C=C2c3cccc4c3c(cn4C)CC2N(C)C1	4163
1182	CCC(CO)NC(=O)C1C=C2c3cccc4[nH]cc(c34)CC2N(C)C1	4140
1183	CN1C2CCC1CC(OC(=O)C(CO)c1ccccc1)C2	3661
1184	O=C(O)Cc1csc(-c2ccc(Cl)cc2)n1	28858
1185	COC1(NC(=O)Cc2cccs2)C(=O)N2C(C(=O)O)=C(COC(N)=O)CSC21	2638
1186	CC(=O)OCC1=C(C(=O)O)N2C(=O)C(NC(=O)Cc3cccs3)C2SC1	2612
1187	Cc1ccc(C(=CCN2CCCC2)c2ccccn2)cc1	5588
1188	CN1CCN(CCC=C2c3ccccc3Sc3ccc(S(=O)(=O)N(C)C)cc32)CC1	5454
1189	OCCN1CCN(CCC=C2c3ccccc3Sc3ccc(C(F)(F)F)cc32)CC1	17012
1190	NCC1OC(OC2C(CO)OC(OC3C(O)C(N)CC(N)C3OC3OC(CO)C(O)C(O)C3N)C2O)C(N)C(O)C1O	4689
1191	NCC1OC(OC2C(CO)OC(OC3C(O)C(N)CC(N)C3OC3OC(CN)C(O)C(O)C3N)C2O)C(N)C(O)C1O	4454
1192	CCn1cc(C(=O)O)c(=O)c2ccc(C)nc21	4421
1193	CN(C)Cc1ccc(CSCCNC(=C[N+](=O)[O-])NCc2ccc3c(c2)OCO3)o1	66753191
1194	OCCN(CCO)c1nc(N2CCCCC2)c2nc(N(CCO)CCO)nc(N3CCCCC3)c2n1	3108
1195	CCC1OC(=O)C(C)C(=O)C(C)C(OC2OC(C)CC(N(C)C)C2O)C(C)(OC)CC(C)C(=O)C(C)C2N(CCCCn3cnc(-c4cccnc4)c3)C(=O)OC12C	21881641
1196	CC1(C)SC2C(NC(=O)C(NC(=O)N3CCN(S(C)(=O)=O)C3=O)c3ccccc3)C(=O)N2C1C(=O)O	43085
1197	CC12C=CC(=O)C=C1CCC1C2C(=O)CC2(C)C1CCC2(O)C(=O)CO	4900
1198	COc1ccc(CC(N)C(=O)NC2C(CO)OC(n3cnc4c(N(C)C)ncnc43)C2O)cc1	4984
1199	CCOC(=O)Nc1ccc2c(c1)N(C(=O)CCN1CCOCC1)c1ccccc1S2	34633
1200	CC(Cc1ccccc1)N(C)Cc1ccccc1	2341
1201	Cc1c(C)c2c(c(C)c1O)CCC(C)(CCCC(C)CCCC(C)CCCC(C)C)O2	2116
1202	CC(C(=O)O)c1ccc(-c2ccccc2)c(F)c1	3394
1203	CC1CN(CC(Cc2ccccc2)C(=O)NCC(=O)O)CCC1(C)c1cccc(O)c1	10224207
1204	CC1C(c2ccccc2)OCCN1C	12460
1205	CCN(CC)CCNC(=O)c1c(C)[nH]c(C=C2C(=O)Nc3ccc(F)cc32)c1C	3086686
1206	CCC1(O)CC2CN(CCc3c([nH]c4ccccc34)C(C(=O)OC)(c3cc4c(cc3OC)N(C)C3C(O)(C(=O)OC)C(OC(C)=O)C5(CC)C=CCN6CCC43C65)C2)C1	3823887
1207	CC1CC2C3CCC4=CC(=O)C=CC4(C)C3(Cl)C(O)CC2(C)C1(O)C(=O)CO	2308
1208	CC1CC2C3CCC4=CC(=O)C=CC4(C)C3(Cl)C(O)CC2(C)C1(O)C(=O)CCl	4659388
1209	CC1CC2C3CCC4=CC(=O)C=CC4(C)C3(F)C(O)CC2(C)C1(O)C(=O)CO	3003
1210	Nc1nc(NC2CC2)c2ncn(C3C=CC(CO)C3)c2n1	1971
1211	CC(C)(C)NC(=O)C1CCC2C3CCC4NC(=O)C=CC4(C)C3CCC12C	3350
1212	CN(C)NN=C1N=CN=C1C(N)=O	2942
1213	COC1=CC(=O)CC(C)C12Oc1c(Cl)c(OC)cc(OC)c1C2=O	3512
1214	Cc1ccc(Cl)c(Nc2ccccc2C(=O)O)c1Cl	4037
1215	O=C1CN(N=Cc2ccc(-c3ccc([N+](=O)[O-])cc3)o2)C(=O)N1	2952
1216	CN1C(=C(O)Nc2ccccn2)C(=O)c2ccccc2S1(=O)=O	54676228
1217	CC(=O)N(CC(O)CN(C(C)=O)c1c(I)c(C(=O)NCC(O)CO)c(I)c(C(=O)NCC(O)CO)c1I)c1c(I)c(C(=O)NCC(O)CO)c(I)c(C(=O)NCC(O)CO)c1I	3724
